Name,Gender
Lisa,f
Richard,
Luke,m
Adrian,m
Sian,f
Janis,f
Sarah,f
Andrew,m
Olivia,f
William,m
Denis,m
Lauren,f
Aaron,m
Paul,m
Roy,
Stephen,m
Max,m
Jade,f
Rob,m
Andrea,f
Leanne,f
Lilly,f
Sam,m
Jonny,m
Jay,m
Chantelle,f
Peter,m
Justin,m
Jenni,f
Sophie,f
Kathy,f
Haydn,m
Pauline,f
Jack,m
Becky,f
Nathan,m
Liam,m
Monika,f
Lee,m
Mike,
Susan,f
Ian,m
Beth,f
Leon,m
Annmarie,f
Tracie,f
Shane,
Brenda,f
Scott,m
Margaret,f
Mary,f
Danni,
Alex,m
Ben,m
Hannah,f
Jake,m
Graeme,m
Colin,m
Mateusz,m
Piotr,m
David,m
Dan,m
Gillian,f
Joshua,m
Christine,f
Charlie,f
Robert,m
Andy,
Tyler,m
Ann,f
Laura,f
Debbie,f
Josh,m
Kieran,m
James,m
Hayley,f
Cameron,
Kyle,m
Jordan,m
Anna,f
Curtis,m
Craig,m
Declan,m
Janusz,m
Holly,f
Nick,m
Wayne,m
Charmaine,f
Mia,f
Kirsty,f
Eileen,f
Danny,m
Anita,f
Sasha,f
Dean,m
Claire,f
Abi,f
Fatima,f
Ryan,m
Suzanne,
Marek,m
Emily,f
Steve,m
Keeley,f
Oliver,m
Elliot,m
Caleb,
Mathew,m
Robbie,m
Adam,m
Clair,m
Lorraine,f
Raymond,m
Rosie,f
Jackie,f
Zak,m
Jamie,m
Morgan,m
John,m
Chris,m
Kate,f
Matt,m
Brad,m
Christina,f
Dani,f
Amy,
Conor,m
Brian,m
Connor,
Matthew,m
Dennis,m
Frank,m
Harriet,f
Shirley,f
Tammy,f
Kai,m
Bernadette,f
Kelly,f
Fred,m
Eddie,
Lucy,f
Denise,f
Ali,m
Karen,f
Shauna,f
Barry,m
Stevie,m
Calum,m
Caroline,f
Brooke,f
Chloe,f
Jasmine,f
Daniel,m
Tomasz,m
Marta,f
Kim,
Mark,m
Benn,m
Elaine,f
Russell,m
Glenn,m
Julie,f
Summer,f
Kane,m
Toby,m
Ana,f
Melissa,f
Sabrina,f
Allison,f
Megan,f
Nikki,f
Martin,m
Alicia,f
Michael,
Heather,f
Anne,f
Nicola,f
Cheryl,f
Billy,m
Donald,m
Rachel,f
Lynn,f
Paula,f
Molly,
Dominic,m
Douglas,m
Charlotte,f
Dylan,m
Linda,f
Rose,f
Stuart,m
Callum,m
Christopher,m
Anthony,m
Lois,f
Nicolas,m
Nicole,f
Arthur,m
Sharon,f
Joanna,f
Cat,f
Joanne,f
Loren,
Katie,
Neil,
Eric,m
Kev,m
Roger,m
Rosemary,f
Jennifer,
Brandon,m
Cassie,f
Ricky,m
Janine,f
Marie,f
Natalie,f
Martina,f
Carole,f
Sara,f
Janet,f
Rahul,m
Kellie,f
Michaela,f
Darryl,m
Georgia,f
Liz,
Poppy,f
Tom,m
Carl,m
Michelle,f
Lewis,m
Kayleigh,f
Caitlin,f
Ewan,m
Abbie,f
Angela,f
Bruno,m
Pat,f
Jaime,f
Drew,m
Will,m
Philip,m
Roman,m
Steven,m
Georgina,f
Ellie,f
Sinead,f
Eve,f
Ashleigh,f
Paddy,m
Stacie,f
Joe,m
Jesse,m
Chelsea,f
Shaun,m
Sheila,f
Jason,m
Amber,f
Terry,m
Ronald,m
Carla,f
Meg,
Damien,m
Imogen,f
Ashley,m
Angie,f
Natasha,f
Jo,f
Faye,f
Millie,f
Vanessa,f
Victoria,f
Pete,m
Helen,f
Jessica,f
Magda,f
Isaac,m
Kaitlin,
Tony,m
Thomas,m
Samuel,
Danielle,f
Harry,m
Yvonne,f
Elliott,m
Abbey,f
Luis,m
Owen,m
Gary,m
Agnes,f
Sean,m
Rhonda,m
Maureen,f
Alan,m
Gemma,f
Michele,m
Jacek,m
Sally,f
Edd,m
May,f
Deborah,f
Fiona,f
Tracey,f
Jane,f
Jenny,f
Maya,f
Felicity,f
Rebecca,
Zoe,f
George,m
Mick,m
Shannon,f
Ed,m
Ross,m
Emma,f
Karl,m
Louis,m
Sue,f
Phil,m
Freddie,m
Krishna,f
Kay,
Suzy,
Dee,f
Jacob,
Lynsey,f
Becca,f
Gordon,m
Louise,f
Wendy,f
Francesca,f
Cristina,f
Joyce,f
Eddy,m
Elizabeth,f
Carrie,f
Manoj,m
Jakub,m
Henry,
Catherine,f
Kevin,m
Jagdish,
Mason,m
Carly,f
Stephanie,f
Tobias,m
Lawrence,m
Alexander,m
Katarzyna,f
Asif,m
Ewelina,f
Alice,
Lydia,f
Ricardo,m
Eva,f
Jodie,f
Wesley,m
Ethan,m
Izzy,f
Lesley,f
Hugh,m
Maddie,f
Tasha,f
Kamil,m
Suresh,m
Milan,m
Annie,
Phoebe,f
Manish,m
Nigel,
Clare,f
June,f
Leo,
Roxanne,
Pawel,m
Maja,f
Kristina,
Charlene,f
Anil,m
Amit,m
Kelvin,
Marco,m
Raju,m
Lily,f
Katy,f
Jonathan,m
Niall,m
Yasmin,
Jenna,
Lucas,m
Mehul,m
Theo,m
Jojo,f
Hilary,
Rhiannon,f
Tina,m
Jan,m
Akash,m
Aisha,f
Mandy,f
Luca,m
Simon,
Ken,m
Samantha,f
Rohit,m
Ewa,f
Gavin,m
Carlos,m
Courtney,f
Tim,
Carol,
Bhavesh,m
Bharat,
Hitesh,m
Charles,m
Patryk,m
Klaudia,f
Gareth,m
Kathleen,f
Damian,
Maria,f
Carolyn,f
Pratik,m
Nancy,f
Frances,f
Harley,m
Bradley,m
Ray,m
Marina,
Rachael,
Kenneth,m
Diane,
Stefan,m
Wojtek,m
Dot,f
Rick,m
Bill,m
Marcus,m
Jeanette,f
Micheal,m
Mustafa,m
Reece,m
Hazel,f
Tracy,f
Leighton,m
Norman,m
Finlay,m
Libby,f
Tania,f
Calvin,m
Nicholas,m
Gaz,m
Jimmy,m
Sandra,f
Jude,m
Stan,
Sonia,f
Donna,
Mariusz,m
Aimee,f
Rhys,m
Gina,f
Pablo,m
Selina,
Graham,m
Katrina,f
Lizzie,f
Steph,f
Norma,
Conner,m
Stanley,m
Amelia,f
Lana,f
Rebekah,f
Ajay,m
Keith,m
Victor,m
Warren,m
Stacey,f
Bryan,m
Carmen,
Lara,f
Sylvia,f
Abigail,f
Beccy,f
Paulina,f
Jess,f
Tanya,f
Kerri,f
Ronan,m
Alfie,m
Pam,f
Leslie,m
Bilal,m
Mo,
Lola,f
Paige,f
Vince,m
Jayne,f
Marc,
Bailey,m
Tara,f
Marcin,m
Nayan,m
Tommy,m
Ebony,f
Nicky,f
Brendan,m
Casey,f
Rhian,f
Julia,f
Bryony,f
Rory,m
Hollie,
Ruby,f
Adele,f
Dillon,m
Ron,m
Manuel,m
Amanda,f
Dom,f
Matty,m
Carina,f
Philippa,f
Corey,m
Nikita,f
Naomi,f
Colleen,f
Pamela,
Mohammed,m
Irene,f
Kerry,f
Patrick,m
Siobhan,f
Nina,f
Doug,m
Erin,f
Sunny,m
Jacqueline,
Daisy,f
Silvia,f
Zahid,m
Tristan,m
Aled,m
Troy,m
Sunil,m
Kath,f
Hamza,m
Lynda,f
Stella,
Taylor,m
Tricia,f
Kirsten,f
Jill,f
Ash,m
Mel,f
Rosa,f
Hayden,m
Dave,m
Kristian,m
Shona,f
Nadia,f
Micky,m
Raj,m
Mat,m
Mitchell,m
Ellen,f
Ashton,m
Lloyd,m
Demi,f
Annette,f
Pippa,f
Leah,f
Robyn,f
Frankie,f
Li,f
Lynne,f
Liv,f
Patricia,f
Grant,m
Alison,f
Angelika,f
Daryl,
Kirstie,f
Evan,m
Karan,m
Gerald,m
Antony,m
Ellis,f
Timothy,f
Gaynor,f
Bethan,f
Ivan,
Cody,f
Lindsey,f
Karina,f
Geoff,m
Colette,
Kat,f
Jayesh,m
Darren,m
Gill,f
Kerrie,f
Vicky,f
Kian,m
Glynis,f
Layla,f
Lin,m
Erica,f
Hugo,m
Grace,f
Krzysztof,m
Justine,m
Javier,m
Kiran,f
Toni,f
Joel,m
Vikki,f
Garry,m
Tamara,f
Nicki,f
Maggie,f
Lorna,f
Abby,f
Shelby,f
Rakesh,m
Dale,m
Lindsay,f
Skye,f
Sachin,m
Jon,m
Evelyn,f
Bridie,f
Marianne,f
Suzie,f
Olga,f
Gregg,m
Tilly,f
Teresa,f
Tia,f
Yang,m
Alisha,f
Levi,m
Bev,f
Parth,m
Sebastian,m
Jessie,f
Leila,
Logan,m
Aleksandra,f
Robin,m
Hassan,m
Glyn,m
Jignesh,m
Myles,m
Lukasz,m
Dawn,f
Vishal,m
Nadeem,f
Ahmed,m
Imran,m
Vivek,m
Miriam,f
Archie,m
Huw,
Alix,f
Niamh,f
Marion,f
Josie,f
Nat,f
Isabella,
Penny,f
Freya,
Agnieszka,f
Elise,f
Cath,f
Mario,m
Fraser,
Jim,m
Barbara,f
Ruth,f
Jose,m
Artur,m
Si,m
Erika,f
Malgorzata,f
Jean,f
Dinesh,m
Vivienne,
Ashok,m
Beata,f
Euan,m
Muhammad,m
Lea,f
Tomas,m
Cara,f
Phillip,m
Don,m
Spencer,
Vicki,f
Alexandra,f
Amina,f
Sylwia,f
Chad,m
Rohan,m
Hanna,
Andrzej,m
Theresa,f
Agata,f
Vijay,m
Gerard,m
Duncan,
Aman,m
Sagar,m
Sophia,f
Amir,m
Bridget,f
Usman,
Bobby,m
Chrissy,
Judith,f
Gerry,m
Linzi,f
Ste,m
Kasia,f
Kurt,m
Akshay,m
Ciaran,m
Greg,m
Andreas,m
Benjamin,m
Alec,f
Tam,
Zena,
Antonia,f
Valerie,
Diana,f
Liza,f
Abdul,m
Sandy,m
Stewart,m
Doreen,f
Joey,m
Charley,f
Francis,m
Omar,m
Rita,f
Haroon,m
Katherine,
Arron,m
Rach,f
Khalid,
Jeff,m
Lianne,f
Jeremy,m
Derrick,m
Zara,
Beverley,f
Oscar,m
Eliza,
Aneta,f
Aj,
Vivian,f
Rafal,m
Yu,f
Sammy,
Paresh,m
Michal,m
Ania,f
Derek,
Gail,f
Karolina,f
Mahesh,m
Ollie,m
Janice,f
Louisa,
Dorota,f
Jorge,
Elena,f
Fran,f
Antonio,m
Jemma,f
Tiffany,f
Janette,f
Rowan,m
Les,m
Bob,m
Sharron,f
Ismail,m
Iwona,f
Xin,f
Daniela,f
Zhang,f
Ella,f
Monica,
Rich,
Cindy,f
Doris,f
Veronica,f
Raja,m
Dionne,f
Mohammad,
Karol,m
Gav,m
Angus,m
Aidan,f
Aiden,m
Jonathon,m
Scarlett,f
Lou,f
Patrycja,
Kenny,m
Trevor,m
Abbi,f
Sadie,f
Mikey,m
Hardik,m
Sanjay,m
Joseph,m
Jeffrey,m
Sonny,m
Melanie,
Anton,m
Shelly,
Bernard,m
Allan,
Sami,f
Beryl,f
Pedro,m
Annabelle,f
Amie,f
Shelley,f
Marian,
Terri,f
Evie,f
Joy,f
Bethany,f
Tahir,m
Kris,m
Karla,f
Dawid,m
Nathaniel,m
Kimberley,f
Timmy,m
Lyn,f
Daz,m
Mags,f
Chrissie,
Pierre,m
Rodney,m
Chirag,m
Dane,m
Martha,
Richie,m
Harrison,m
Elle,f
Neal,m
Lizzy,f
Ravi,m
Barrie,m
Val,
Mickey,m
Pankaj,m
Nadine,f
Kara,f
Ketan,m
Jody,f
Clive,m
Geoffrey,m
Alina,f
Debra,f
Malcolm,m
Brett,m
Judy,f
Jas,m
Fernando,m
Alun,m
Rui,f
Wang,f
Howard,m
Lucie,f
Betty,f
Audrey,
Nilesh,m
Leigh,m
Helena,f
Kieron,m
Ramesh,m
Yue,f
Nichola,f
Magdalena,f
Maisie,f
Em,f
Ralph,m
April,f
Damon,m
Eduardo,m
Serena,f
Sonya,f
Lucia,
Todd,m
Georgie,f
Julian,m
Chen,f
Ankit,m
Gabriel,m
Justyna,f
Cynthia,f
Bex,f
Martyn,m
Cathy,f
Yi,m
Vincent,m
Ally,f
Natalia,f
Jen,f
Harvey,m
Kelsey,f
Rajesh,m
Angel,f
Louie,m
Jerry,m
Mollie,f
Glen,m
Isabel,f
Shell,f
Vinod,m
Bruce,m
Dorothy,f
Sid,m
Duane,m
Riley,
Christian,
Frazer,m
Maxine,
Trisha,
Aga,f
Paris,f
Mayur,m
Johnny,m
Christy,f
Trish,f
Alistair,m
Alana,f
Marty,m
Isabelle,
Tyrone,m
Stacy,
Simone,f
Oli,m
Marjorie,f
Annabel,f
Edward,m
Piyush,m
Gloria,f
Susie,f
Laurence,m
Miguel,m
Joan,f
Claudia,f
Stu,m
Farzana,f
Juliet,
Bella,f
Grzegorz,m
Dianne,f
Marilyn,
Mitch,m
Esther,
Flora,f
Dana,f
Jennie,f
Beckie,f
Mari,f
Vera,f
Laurie,m
Guy,
Lyndsey,f
Benedict,m
Faith,f
Kayla,f
Niki,f
Kathryn,f
Brogan,f
Fay,f
Zac,m
Geraldine,f
Al,m
Josephine,f
Renata,f
Noel,m
Bernie,f
Ciara,
Jacqui,f
Russ,m
Patsy,f
Miles,m
Connie,f
Alastair,m
Shannen,f
Polly,f
Kurtis,m
Sandie,f
Olly,m
Konrad,m
Leeanne,f
Dhaval,m
Kylie,f
Nic,m
Ronnie,m
Becki,f
Maurice,m
Ady,
Terence,m
Geraint,m
Heidi,f
Jordon,
Deb,f
Iain,m
Gwen,f
Travis,m
Chetan,m
Vipul,m
Patel,m
Kamal,m
Arran,m
Milly,f
Eloise,f
Dougie,m
Eleanor,f
Bonnie,f
Jules,f
Moira,f
Ceri,f
Florence,f
Owain,m
