Abbott,NOUN,HAS_GROUP(LastName)
Adam,NOUN,HAS_GROUP(LastName)
Adams,NOUN,HAS_GROUP(LastName)
Adamson,NOUN,HAS_GROUP(LastName)
Addison,NOUN,HAS_GROUP(LastName)
Agnew,NOUN,HAS_GROUP(LastName)
Agrawal,NOUN,HAS_GROUP(LastName)
Ahir,NOUN,HAS_GROUP(LastName)
Ahmad,NOUN,HAS_GROUP(LastName)
Ahmed,NOUN,HAS_GROUP(LastName)
Aitchison,NOUN,HAS_GROUP(LastName)
Aitken,NOUN,HAS_GROUP(LastName)
Akhtar,NOUN,HAS_GROUP(LastName)
Alam,NOUN,HAS_GROUP(LastName)
Alderson,NOUN,HAS_GROUP(LastName)
Aldridge,NOUN,HAS_GROUP(LastName)
Alexander,NOUN,HAS_GROUP(LastName)
Ali,NOUN,HAS_GROUP(LastName)
Allan,NOUN,HAS_GROUP(LastName)
Allen,NOUN,HAS_GROUP(LastName)
Allison,NOUN,HAS_GROUP(LastName)
Almond,NOUN,HAS_GROUP(LastName)
Amin,NOUN,HAS_GROUP(LastName)
Amos,NOUN,HAS_GROUP(LastName)
Anderson,NOUN,HAS_GROUP(LastName)
Anderton,NOUN,HAS_GROUP(LastName)
Andrew,NOUN,HAS_GROUP(LastName)
Andrews,NOUN,HAS_GROUP(LastName)
Ann,NOUN,HAS_GROUP(LastName)
Anne,NOUN,HAS_GROUP(LastName)
Anthony,NOUN,HAS_GROUP(LastName)
Appleby,NOUN,HAS_GROUP(LastName)
Appleton,NOUN,HAS_GROUP(LastName)
Archer,NOUN,HAS_GROUP(LastName)
Armitage,NOUN,HAS_GROUP(LastName)
Armstrong,NOUN,HAS_GROUP(LastName)
Arnold,NOUN,HAS_GROUP(LastName)
Arthur,NOUN,HAS_GROUP(LastName)
Ashcroft,NOUN,HAS_GROUP(LastName)
Ashley,NOUN,HAS_GROUP(LastName)
Ashton,NOUN,HAS_GROUP(LastName)
Ashworth,NOUN,HAS_GROUP(LastName)
Aslam,NOUN,HAS_GROUP(LastName)
Aston,NOUN,HAS_GROUP(LastName)
Atherton,NOUN,HAS_GROUP(LastName)
Atkin,NOUN,HAS_GROUP(LastName)
Atkins,NOUN,HAS_GROUP(LastName)
Atkinson,NOUN,HAS_GROUP(LastName)
Austin,NOUN,HAS_GROUP(LastName)
Avery,NOUN,HAS_GROUP(LastName)
Ayres,NOUN,HAS_GROUP(LastName)
Aziz,NOUN,HAS_GROUP(LastName)
Bacon,NOUN,HAS_GROUP(LastName)
Bailey,NOUN,HAS_GROUP(LastName)
Baillie,NOUN,HAS_GROUP(LastName)
Bain,NOUN,HAS_GROUP(LastName)
Bainbridge,NOUN,HAS_GROUP(LastName)
Baines,NOUN,HAS_GROUP(LastName)
Baird,NOUN,HAS_GROUP(LastName)
Baker,NOUN,HAS_GROUP(LastName)
Baldwin,NOUN,HAS_GROUP(LastName)
Ball,NOUN,HAS_GROUP(LastName)
Ballard,NOUN,HAS_GROUP(LastName)
Bamford,NOUN,HAS_GROUP(LastName)
Banks,NOUN,HAS_GROUP(LastName)
Bannister,NOUN,HAS_GROUP(LastName)
Barber,NOUN,HAS_GROUP(LastName)
Barclay,NOUN,HAS_GROUP(LastName)
Barker,NOUN,HAS_GROUP(LastName)
Barlow,NOUN,HAS_GROUP(LastName)
Barnard,NOUN,HAS_GROUP(LastName)
Barnes,NOUN,HAS_GROUP(LastName)
Barnett,NOUN,HAS_GROUP(LastName)
Barr,NOUN,HAS_GROUP(LastName)
Barratt,NOUN,HAS_GROUP(LastName)
Barrett,NOUN,HAS_GROUP(LastName)
Barron,NOUN,HAS_GROUP(LastName)
Barrow,NOUN,HAS_GROUP(LastName)
Barry,NOUN,HAS_GROUP(LastName)
Bartlett,NOUN,HAS_GROUP(LastName)
Barton,NOUN,HAS_GROUP(LastName)
Bashir,NOUN,HAS_GROUP(LastName)
Batchelor,NOUN,HAS_GROUP(LastName)
Bateman,NOUN,HAS_GROUP(LastName)
Bates,NOUN,HAS_GROUP(LastName)
Baxter,NOUN,HAS_GROUP(LastName)
Bayliss,NOUN,HAS_GROUP(LastName)
Beale,NOUN,HAS_GROUP(LastName)
Beattie,NOUN,HAS_GROUP(LastName)
Beaumont,NOUN,HAS_GROUP(LastName)
Beck,NOUN,HAS_GROUP(LastName)
Beckett,NOUN,HAS_GROUP(LastName)
Bedford,NOUN,HAS_GROUP(LastName)
Bee,NOUN,HAS_GROUP(LastName)
Beech,NOUN,HAS_GROUP(LastName)
Beer,NOUN,HAS_GROUP(LastName)
Begum,NOUN,HAS_GROUP(LastName)
Belcher,NOUN,HAS_GROUP(LastName)
Bell,NOUN,HAS_GROUP(LastName)
Bellamy,NOUN,HAS_GROUP(LastName)
Bennett,NOUN,HAS_GROUP(LastName)
Benson,NOUN,HAS_GROUP(LastName)
Bentley,NOUN,HAS_GROUP(LastName)
Berry,NOUN,HAS_GROUP(LastName)
Best,NOUN,HAS_GROUP(LastName)
Betts,NOUN,HAS_GROUP(LastName)
Bevan,NOUN,HAS_GROUP(LastName)
Bfd,NOUN,HAS_GROUP(LastName)
Bhatt,NOUN,HAS_GROUP(LastName)
Bhatti,NOUN,HAS_GROUP(LastName)
Bingham,NOUN,HAS_GROUP(LastName)
Birch,NOUN,HAS_GROUP(LastName)
Bird,NOUN,HAS_GROUP(LastName)
Bishop,NOUN,HAS_GROUP(LastName)
Black,NOUN,HAS_GROUP(LastName)
Blackburn,NOUN,HAS_GROUP(LastName)
Blackmore,NOUN,HAS_GROUP(LastName)
Blackwell,NOUN,HAS_GROUP(LastName)
Blair,NOUN,HAS_GROUP(LastName)
Blake,NOUN,HAS_GROUP(LastName)
Bland,NOUN,HAS_GROUP(LastName)
Boardman,NOUN,HAS_GROUP(LastName)
Boden,NOUN,HAS_GROUP(LastName)
Bolton,NOUN,HAS_GROUP(LastName)
Bond,NOUN,HAS_GROUP(LastName)
Bone,NOUN,HAS_GROUP(LastName)
Booker,NOUN,HAS_GROUP(LastName)
Booth,NOUN,HAS_GROUP(LastName)
Boswell,NOUN,HAS_GROUP(LastName)
Bourne,NOUN,HAS_GROUP(LastName)
Bowden,NOUN,HAS_GROUP(LastName)
Bowen,NOUN,HAS_GROUP(LastName)
Bowers,NOUN,HAS_GROUP(LastName)
Bowler,NOUN,HAS_GROUP(LastName)
Bowles,NOUN,HAS_GROUP(LastName)
Bowman,NOUN,HAS_GROUP(LastName)
Boyce,NOUN,HAS_GROUP(LastName)
Boyd,NOUN,HAS_GROUP(LastName)
Boyle,NOUN,HAS_GROUP(LastName)
Bradbury,NOUN,HAS_GROUP(LastName)
Bradford,NOUN,HAS_GROUP(LastName)
Bradley,NOUN,HAS_GROUP(LastName)
Bradshaw,NOUN,HAS_GROUP(LastName)
Brady,NOUN,HAS_GROUP(LastName)
Brand,NOUN,HAS_GROUP(LastName)
Bray,NOUN,HAS_GROUP(LastName)
Brennan,NOUN,HAS_GROUP(LastName)
Brett,NOUN,HAS_GROUP(LastName)
Brewer,NOUN,HAS_GROUP(LastName)
Bridge,NOUN,HAS_GROUP(LastName)
Brierley,NOUN,HAS_GROUP(LastName)
Briggs,NOUN,HAS_GROUP(LastName)
Bright,NOUN,HAS_GROUP(LastName)
Britton,NOUN,HAS_GROUP(LastName)
Broadbent,NOUN,HAS_GROUP(LastName)
Brodie,NOUN,HAS_GROUP(LastName)
Brook,NOUN,HAS_GROUP(LastName)
Brooke,NOUN,HAS_GROUP(LastName)
Brooker,NOUN,HAS_GROUP(LastName)
Brookes,NOUN,HAS_GROUP(LastName)
Brooks,NOUN,HAS_GROUP(LastName)
Broome,NOUN,HAS_GROUP(LastName)
Brough,NOUN,HAS_GROUP(LastName)
Brown,NOUN,HAS_GROUP(LastName)
Browne,NOUN,HAS_GROUP(LastName)
Browning,NOUN,HAS_GROUP(LastName)
Bruce,NOUN,HAS_GROUP(LastName)
Bryan,NOUN,HAS_GROUP(LastName)
Bryant,NOUN,HAS_GROUP(LastName)
Buchan,NOUN,HAS_GROUP(LastName)
Buchanan,NOUN,HAS_GROUP(LastName)
Buck,NOUN,HAS_GROUP(LastName)
Buckley,NOUN,HAS_GROUP(LastName)
Bull,NOUN,HAS_GROUP(LastName)
Bullock,NOUN,HAS_GROUP(LastName)
Burgess,NOUN,HAS_GROUP(LastName)
Burke,NOUN,HAS_GROUP(LastName)
Burnett,NOUN,HAS_GROUP(LastName)
Burns,NOUN,HAS_GROUP(LastName)
Burrows,NOUN,HAS_GROUP(LastName)
Burt,NOUN,HAS_GROUP(LastName)
Burton,NOUN,HAS_GROUP(LastName)
Bush,NOUN,HAS_GROUP(LastName)
Butcher,NOUN,HAS_GROUP(LastName)
Butler,NOUN,HAS_GROUP(LastName)
Butt,NOUN,HAS_GROUP(LastName)
Butterworth,NOUN,HAS_GROUP(LastName)
Byrne,NOUN,HAS_GROUP(LastName)
Cahill,NOUN,HAS_GROUP(LastName)
Cai,NOUN,HAS_GROUP(LastName)
Cain,NOUN,HAS_GROUP(LastName)
Cairns,NOUN,HAS_GROUP(LastName)
Caldwell,NOUN,HAS_GROUP(LastName)
Callaghan,NOUN,HAS_GROUP(LastName)
Calvert,NOUN,HAS_GROUP(LastName)
Cameron,NOUN,HAS_GROUP(LastName)
Campbell,NOUN,HAS_GROUP(LastName)
Cannon,NOUN,HAS_GROUP(LastName)
Cao,NOUN,HAS_GROUP(LastName)
Carey,NOUN,HAS_GROUP(LastName)
Carmichael,NOUN,HAS_GROUP(LastName)
Carney,NOUN,HAS_GROUP(LastName)
Carpenter,NOUN,HAS_GROUP(LastName)
Carr,NOUN,HAS_GROUP(LastName)
Carrington,NOUN,HAS_GROUP(LastName)
Carroll,NOUN,HAS_GROUP(LastName)
Carson,NOUN,HAS_GROUP(LastName)
Carter,NOUN,HAS_GROUP(LastName)
Cartwright,NOUN,HAS_GROUP(LastName)
Casey,NOUN,HAS_GROUP(LastName)
Cass,NOUN,HAS_GROUP(LastName)
Cassidy,NOUN,HAS_GROUP(LastName)
Castle,NOUN,HAS_GROUP(LastName)
Cave,NOUN,HAS_GROUP(LastName)
Chadwick,NOUN,HAS_GROUP(LastName)
Chalmers,NOUN,HAS_GROUP(LastName)
Chamberlain,NOUN,HAS_GROUP(LastName)
Chambers,NOUN,HAS_GROUP(LastName)
Chan,NOUN,HAS_GROUP(LastName)
Chandler,NOUN,HAS_GROUP(LastName)
Chapman,NOUN,HAS_GROUP(LastName)
Charles,NOUN,HAS_GROUP(LastName)
Charlton,NOUN,HAS_GROUP(LastName)
Chaudhari,NOUN,HAS_GROUP(LastName)
Chaudhary,NOUN,HAS_GROUP(LastName)
Chauhan,NOUN,HAS_GROUP(LastName)
Chavda,NOUN,HAS_GROUP(LastName)
Cheetham,NOUN,HAS_GROUP(LastName)
Chen,NOUN,HAS_GROUP(LastName)
Cheng,NOUN,HAS_GROUP(LastName)
Cherry,NOUN,HAS_GROUP(LastName)
Chester,NOUN,HAS_GROUP(LastName)
Cheung,NOUN,HAS_GROUP(LastName)
Childs,NOUN,HAS_GROUP(LastName)
Choudhury,NOUN,HAS_GROUP(LastName)
Chowdhury,NOUN,HAS_GROUP(LastName)
Christie,NOUN,HAS_GROUP(LastName)
Church,NOUN,HAS_GROUP(LastName)
Clare,NOUN,HAS_GROUP(LastName)
Clark,NOUN,HAS_GROUP(LastName)
Clarke,NOUN,HAS_GROUP(LastName)
Clarkson,NOUN,HAS_GROUP(LastName)
Clayton,NOUN,HAS_GROUP(LastName)
Cleary,NOUN,HAS_GROUP(LastName)
Clegg,NOUN,HAS_GROUP(LastName)
Clements,NOUN,HAS_GROUP(LastName)
Clifford,NOUN,HAS_GROUP(LastName)
Close,NOUN,HAS_GROUP(LastName)
Clough,NOUN,HAS_GROUP(LastName)
Coates,NOUN,HAS_GROUP(LastName)
Cochrane,NOUN,HAS_GROUP(LastName)
Cole,NOUN,HAS_GROUP(LastName)
Coleman,NOUN,HAS_GROUP(LastName)
Coles,NOUN,HAS_GROUP(LastName)
Collett,NOUN,HAS_GROUP(LastName)
Collier,NOUN,HAS_GROUP(LastName)
Collins,NOUN,HAS_GROUP(LastName)
Compton,NOUN,HAS_GROUP(LastName)
Connell,NOUN,HAS_GROUP(LastName)
Connelly,NOUN,HAS_GROUP(LastName)
Connolly,NOUN,HAS_GROUP(LastName)
Connor,NOUN,HAS_GROUP(LastName)
Conroy,NOUN,HAS_GROUP(LastName)
Conway,NOUN,HAS_GROUP(LastName)
Cook,NOUN,HAS_GROUP(LastName)
Cooke,NOUN,HAS_GROUP(LastName)
Coombs,NOUN,HAS_GROUP(LastName)
Cooper,NOUN,HAS_GROUP(LastName)
Cope,NOUN,HAS_GROUP(LastName)
Corbett,NOUN,HAS_GROUP(LastName)
Corr,NOUN,HAS_GROUP(LastName)
Corrigan,NOUN,HAS_GROUP(LastName)
Cosgrove,NOUN,HAS_GROUP(LastName)
Costa,NOUN,HAS_GROUP(LastName)
Costello,NOUN,HAS_GROUP(LastName)
Cotton,NOUN,HAS_GROUP(LastName)
Coulson,NOUN,HAS_GROUP(LastName)
Coupland,NOUN,HAS_GROUP(LastName)
Courtney,NOUN,HAS_GROUP(LastName)
Cousins,NOUN,HAS_GROUP(LastName)
Cowan,NOUN,HAS_GROUP(LastName)
Cowell,NOUN,HAS_GROUP(LastName)
Cowley,NOUN,HAS_GROUP(LastName)
Cox,NOUN,HAS_GROUP(LastName)
Coyle,NOUN,HAS_GROUP(LastName)
Craig,NOUN,HAS_GROUP(LastName)
Crane,NOUN,HAS_GROUP(LastName)
Craven,NOUN,HAS_GROUP(LastName)
Crawford,NOUN,HAS_GROUP(LastName)
Cresswell,NOUN,HAS_GROUP(LastName)
Croft,NOUN,HAS_GROUP(LastName)
Crompton,NOUN,HAS_GROUP(LastName)
Crook,NOUN,HAS_GROUP(LastName)
Crosby,NOUN,HAS_GROUP(LastName)
Cross,NOUN,HAS_GROUP(LastName)
Crossley,NOUN,HAS_GROUP(LastName)
Crowe,NOUN,HAS_GROUP(LastName)
Crowther,NOUN,HAS_GROUP(LastName)
Cruz,NOUN,HAS_GROUP(LastName)
Cullen,NOUN,HAS_GROUP(LastName)
Cummings,NOUN,HAS_GROUP(LastName)
Cummins,NOUN,HAS_GROUP(LastName)
Cunningham,NOUN,HAS_GROUP(LastName)
Curran,NOUN,HAS_GROUP(LastName)
Currie,NOUN,HAS_GROUP(LastName)
Curry,NOUN,HAS_GROUP(LastName)
Curtis,NOUN,HAS_GROUP(LastName)
Cuthbert,NOUN,HAS_GROUP(LastName)
Dale,NOUN,HAS_GROUP(LastName)
Dalton,NOUN,HAS_GROUP(LastName)
Daly,NOUN,HAS_GROUP(LastName)
Dan,NOUN,HAS_GROUP(LastName)
Daniel,NOUN,HAS_GROUP(LastName)
Daniels,NOUN,HAS_GROUP(LastName)
Darby,NOUN,HAS_GROUP(LastName)
Dave,NOUN,HAS_GROUP(LastName)
Davenport,NOUN,HAS_GROUP(LastName)
Davey,NOUN,HAS_GROUP(LastName)
David,NOUN,HAS_GROUP(LastName)
Davidson,NOUN,HAS_GROUP(LastName)
Davies,NOUN,HAS_GROUP(LastName)
Davis,NOUN,HAS_GROUP(LastName)
Davison,NOUN,HAS_GROUP(LastName)
Dawson,NOUN,HAS_GROUP(LastName)
Day,NOUN,HAS_GROUP(LastName)
Deacon,NOUN,HAS_GROUP(LastName)
Deakin,NOUN,HAS_GROUP(LastName)
Dean,NOUN,HAS_GROUP(LastName)
Dee,NOUN,HAS_GROUP(LastName)
Delaney,NOUN,HAS_GROUP(LastName)
Dempsey,NOUN,HAS_GROUP(LastName)
Deng,NOUN,HAS_GROUP(LastName)
Dennis,NOUN,HAS_GROUP(LastName)
Dent,NOUN,HAS_GROUP(LastName)
Denton,NOUN,HAS_GROUP(LastName)
Desai,NOUN,HAS_GROUP(LastName)
Devine,NOUN,HAS_GROUP(LastName)
Devlin,NOUN,HAS_GROUP(LastName)
Diamond,NOUN,HAS_GROUP(LastName)
Dickens,NOUN,HAS_GROUP(LastName)
Dickinson,NOUN,HAS_GROUP(LastName)
Dickson,NOUN,HAS_GROUP(LastName)
Dillon,NOUN,HAS_GROUP(LastName)
Ding,NOUN,HAS_GROUP(LastName)
Dixon,NOUN,HAS_GROUP(LastName)
Dobson,NOUN,HAS_GROUP(LastName)
Docherty,NOUN,HAS_GROUP(LastName)
Dodd,NOUN,HAS_GROUP(LastName)
Dodds,NOUN,HAS_GROUP(LastName)
Doherty,NOUN,HAS_GROUP(LastName)
Don,NOUN,HAS_GROUP(LastName)
Donald,NOUN,HAS_GROUP(LastName)
Donaldson,NOUN,HAS_GROUP(LastName)
Donnelly,NOUN,HAS_GROUP(LastName)
Donovan,NOUN,HAS_GROUP(LastName)
Doran,NOUN,HAS_GROUP(LastName)
Douglas,NOUN,HAS_GROUP(LastName)
Dowling,NOUN,HAS_GROUP(LastName)
Downey,NOUN,HAS_GROUP(LastName)
Downing,NOUN,HAS_GROUP(LastName)
Downs,NOUN,HAS_GROUP(LastName)
Doyle,NOUN,HAS_GROUP(LastName)
Drake,NOUN,HAS_GROUP(LastName)
Draper,NOUN,HAS_GROUP(LastName)
Drew,NOUN,HAS_GROUP(LastName)
Driscoll,NOUN,HAS_GROUP(LastName)
Drummond,NOUN,HAS_GROUP(LastName)
Drury,NOUN,HAS_GROUP(LastName)
Du,NOUN,HAS_GROUP(LastName)
Dudley,NOUN,HAS_GROUP(LastName)
Duff,NOUN,HAS_GROUP(LastName)
Duffy,NOUN,HAS_GROUP(LastName)
Duggan,NOUN,HAS_GROUP(LastName)
Duke,NOUN,HAS_GROUP(LastName)
Dunbar,NOUN,HAS_GROUP(LastName)
Duncan,NOUN,HAS_GROUP(LastName)
Dunn,NOUN,HAS_GROUP(LastName)
Dunne,NOUN,HAS_GROUP(LastName)
Durrant,NOUN,HAS_GROUP(LastName)
Dutton,NOUN,HAS_GROUP(LastName)
Dyer,NOUN,HAS_GROUP(LastName)
Dyson,NOUN,HAS_GROUP(LastName)
Earl,NOUN,HAS_GROUP(LastName)
Easton,NOUN,HAS_GROUP(LastName)
Eastwood,NOUN,HAS_GROUP(LastName)
Eaton,NOUN,HAS_GROUP(LastName)
Eccles,NOUN,HAS_GROUP(LastName)
Edgar,NOUN,HAS_GROUP(LastName)
Edge,NOUN,HAS_GROUP(LastName)
Edmonds,NOUN,HAS_GROUP(LastName)
Edwards,NOUN,HAS_GROUP(LastName)
Egan,NOUN,HAS_GROUP(LastName)
Elizabeth,NOUN,HAS_GROUP(LastName)
Elliott,NOUN,HAS_GROUP(LastName)
Ellis,NOUN,HAS_GROUP(LastName)
Ellison,NOUN,HAS_GROUP(LastName)
Emery,NOUN,HAS_GROUP(LastName)
English,NOUN,HAS_GROUP(LastName)
Evans,NOUN,HAS_GROUP(LastName)
Fagan,NOUN,HAS_GROUP(LastName)
Fang,NOUN,HAS_GROUP(LastName)
Farmer,NOUN,HAS_GROUP(LastName)
Farrell,NOUN,HAS_GROUP(LastName)
Farrington,NOUN,HAS_GROUP(LastName)
Farrow,NOUN,HAS_GROUP(LastName)
Faulkner,NOUN,HAS_GROUP(LastName)
Fawcett,NOUN,HAS_GROUP(LastName)
Fellows,NOUN,HAS_GROUP(LastName)
Feng,NOUN,HAS_GROUP(LastName)
Fenton,NOUN,HAS_GROUP(LastName)
Ferguson,NOUN,HAS_GROUP(LastName)
Fernandes,NOUN,HAS_GROUP(LastName)
Fernandez,NOUN,HAS_GROUP(LastName)
Ferreira,NOUN,HAS_GROUP(LastName)
Field,NOUN,HAS_GROUP(LastName)
Fielding,NOUN,HAS_GROUP(LastName)
Finch,NOUN,HAS_GROUP(LastName)
Findlay,NOUN,HAS_GROUP(LastName)
Finlay,NOUN,HAS_GROUP(LastName)
Finn,NOUN,HAS_GROUP(LastName)
Finney,NOUN,HAS_GROUP(LastName)
Firth,NOUN,HAS_GROUP(LastName)
Fish,NOUN,HAS_GROUP(LastName)
Fisher,NOUN,HAS_GROUP(LastName)
Fitzgerald,NOUN,HAS_GROUP(LastName)
Fitzpatrick,NOUN,HAS_GROUP(LastName)
Flanagan,NOUN,HAS_GROUP(LastName)
Fleming,NOUN,HAS_GROUP(LastName)
Fletcher,NOUN,HAS_GROUP(LastName)
Flynn,NOUN,HAS_GROUP(LastName)
Foley,NOUN,HAS_GROUP(LastName)
Forbes,NOUN,HAS_GROUP(LastName)
Ford,NOUN,HAS_GROUP(LastName)
Forrest,NOUN,HAS_GROUP(LastName)
Forrester,NOUN,HAS_GROUP(LastName)
Forster,NOUN,HAS_GROUP(LastName)
Forsyth,NOUN,HAS_GROUP(LastName)
Foster,NOUN,HAS_GROUP(LastName)
Fowler,NOUN,HAS_GROUP(LastName)
Fox,NOUN,HAS_GROUP(LastName)
Foy,NOUN,HAS_GROUP(LastName)
Francis,NOUN,HAS_GROUP(LastName)
Franklin,NOUN,HAS_GROUP(LastName)
Franks,NOUN,HAS_GROUP(LastName)
Fraser,NOUN,HAS_GROUP(LastName)
Freeman,NOUN,HAS_GROUP(LastName)
French,NOUN,HAS_GROUP(LastName)
Frost,NOUN,HAS_GROUP(LastName)
Fry,NOUN,HAS_GROUP(LastName)
Fu,NOUN,HAS_GROUP(LastName)
Fuller,NOUN,HAS_GROUP(LastName)
Gale,NOUN,HAS_GROUP(LastName)
Gallacher,NOUN,HAS_GROUP(LastName)
Gallagher,NOUN,HAS_GROUP(LastName)
Galloway,NOUN,HAS_GROUP(LastName)
Gamble,NOUN,HAS_GROUP(LastName)
Gandhi,NOUN,HAS_GROUP(LastName)
Gao,NOUN,HAS_GROUP(LastName)
Gardiner,NOUN,HAS_GROUP(LastName)
Gardner,NOUN,HAS_GROUP(LastName)
Garner,NOUN,HAS_GROUP(LastName)
Garrett,NOUN,HAS_GROUP(LastName)
Garside,NOUN,HAS_GROUP(LastName)
Gates,NOUN,HAS_GROUP(LastName)
Gee,NOUN,HAS_GROUP(LastName)
George,NOUN,HAS_GROUP(LastName)
Gibbons,NOUN,HAS_GROUP(LastName)
Gibbs,NOUN,HAS_GROUP(LastName)
Gibson,NOUN,HAS_GROUP(LastName)
Gilbert,NOUN,HAS_GROUP(LastName)
Gilchrist,NOUN,HAS_GROUP(LastName)
Giles,NOUN,HAS_GROUP(LastName)
Gill,NOUN,HAS_GROUP(LastName)
Gillard,NOUN,HAS_GROUP(LastName)
Gillespie,NOUN,HAS_GROUP(LastName)
Gilmour,NOUN,HAS_GROUP(LastName)
Glass,NOUN,HAS_GROUP(LastName)
Glover,NOUN,HAS_GROUP(LastName)
Goddard,NOUN,HAS_GROUP(LastName)
Godfrey,NOUN,HAS_GROUP(LastName)
Gohil,NOUN,HAS_GROUP(LastName)
Golding,NOUN,HAS_GROUP(LastName)
Gonzalez,NOUN,HAS_GROUP(LastName)
Goodall,NOUN,HAS_GROUP(LastName)
Goodman,NOUN,HAS_GROUP(LastName)
Goodwin,NOUN,HAS_GROUP(LastName)
Gordon,NOUN,HAS_GROUP(LastName)
Gore,NOUN,HAS_GROUP(LastName)
Gorman,NOUN,HAS_GROUP(LastName)
Gosling,NOUN,HAS_GROUP(LastName)
Gough,NOUN,HAS_GROUP(LastName)
Gould,NOUN,HAS_GROUP(LastName)
Grace,NOUN,HAS_GROUP(LastName)
Graham,NOUN,HAS_GROUP(LastName)
Grainger,NOUN,HAS_GROUP(LastName)
Grant,NOUN,HAS_GROUP(LastName)
Graves,NOUN,HAS_GROUP(LastName)
Gray,NOUN,HAS_GROUP(LastName)
Greaves,NOUN,HAS_GROUP(LastName)
Green,NOUN,HAS_GROUP(LastName)
Greene,NOUN,HAS_GROUP(LastName)
Greenhalgh,NOUN,HAS_GROUP(LastName)
Greenwood,NOUN,HAS_GROUP(LastName)
Greer,NOUN,HAS_GROUP(LastName)
Gregory,NOUN,HAS_GROUP(LastName)
Greig,NOUN,HAS_GROUP(LastName)
Griffin,NOUN,HAS_GROUP(LastName)
Griffith,NOUN,HAS_GROUP(LastName)
Griffiths,NOUN,HAS_GROUP(LastName)
Grimshaw,NOUN,HAS_GROUP(LastName)
Groom,NOUN,HAS_GROUP(LastName)
Grove,NOUN,HAS_GROUP(LastName)
Groves,NOUN,HAS_GROUP(LastName)
Guest,NOUN,HAS_GROUP(LastName)
Gunn,NOUN,HAS_GROUP(LastName)
Guo,NOUN,HAS_GROUP(LastName)
Gupta,NOUN,HAS_GROUP(LastName)
Guy,NOUN,HAS_GROUP(LastName)
Hadley,NOUN,HAS_GROUP(LastName)
Hague,NOUN,HAS_GROUP(LastName)
Haigh,NOUN,HAS_GROUP(LastName)
Haines,NOUN,HAS_GROUP(LastName)
Hale,NOUN,HAS_GROUP(LastName)
Hall,NOUN,HAS_GROUP(LastName)
Hallam,NOUN,HAS_GROUP(LastName)
Halliday,NOUN,HAS_GROUP(LastName)
Halliwell,NOUN,HAS_GROUP(LastName)
Hamer,NOUN,HAS_GROUP(LastName)
Hamilton,NOUN,HAS_GROUP(LastName)
Hammond,NOUN,HAS_GROUP(LastName)
Hampson,NOUN,HAS_GROUP(LastName)
Hampton,NOUN,HAS_GROUP(LastName)
Han,NOUN,HAS_GROUP(LastName)
Hancock,NOUN,HAS_GROUP(LastName)
Hannah,NOUN,HAS_GROUP(LastName)
Hanson,NOUN,HAS_GROUP(LastName)
Hardie,NOUN,HAS_GROUP(LastName)
Harding,NOUN,HAS_GROUP(LastName)
Hardman,NOUN,HAS_GROUP(LastName)
Hardy,NOUN,HAS_GROUP(LastName)
Hargreaves,NOUN,HAS_GROUP(LastName)
Harley,NOUN,HAS_GROUP(LastName)
Harman,NOUN,HAS_GROUP(LastName)
Harper,NOUN,HAS_GROUP(LastName)
Harrington,NOUN,HAS_GROUP(LastName)
Harris,NOUN,HAS_GROUP(LastName)
Harrison,NOUN,HAS_GROUP(LastName)
Hart,NOUN,HAS_GROUP(LastName)
Hartley,NOUN,HAS_GROUP(LastName)
Harvey,NOUN,HAS_GROUP(LastName)
Harwood,NOUN,HAS_GROUP(LastName)
Haslam,NOUN,HAS_GROUP(LastName)
Hassan,NOUN,HAS_GROUP(LastName)
Hatfield,NOUN,HAS_GROUP(LastName)
Hatton,NOUN,HAS_GROUP(LastName)
Hawkes,NOUN,HAS_GROUP(LastName)
Hawkins,NOUN,HAS_GROUP(LastName)
Hay,NOUN,HAS_GROUP(LastName)
Hayden,NOUN,HAS_GROUP(LastName)
Hayes,NOUN,HAS_GROUP(LastName)
Haynes,NOUN,HAS_GROUP(LastName)
Hayward,NOUN,HAS_GROUP(LastName)
Haywood,NOUN,HAS_GROUP(LastName)
He,NOUN,HAS_GROUP(LastName)
Head,NOUN,HAS_GROUP(LastName)
Healey,NOUN,HAS_GROUP(LastName)
Healy,NOUN,HAS_GROUP(LastName)
Heath,NOUN,HAS_GROUP(LastName)
Heaton,NOUN,HAS_GROUP(LastName)
Hedley,NOUN,HAS_GROUP(LastName)
Henderson,NOUN,HAS_GROUP(LastName)
Hendry,NOUN,HAS_GROUP(LastName)
Henry,NOUN,HAS_GROUP(LastName)
Henshaw,NOUN,HAS_GROUP(LastName)
Herbert,NOUN,HAS_GROUP(LastName)
Hetherington,NOUN,HAS_GROUP(LastName)
Hewitt,NOUN,HAS_GROUP(LastName)
Heywood,NOUN,HAS_GROUP(LastName)
Hickman,NOUN,HAS_GROUP(LastName)
Hicks,NOUN,HAS_GROUP(LastName)
Higgins,NOUN,HAS_GROUP(LastName)
Higgs,NOUN,HAS_GROUP(LastName)
Hill,NOUN,HAS_GROUP(LastName)
Hillier,NOUN,HAS_GROUP(LastName)
Hills,NOUN,HAS_GROUP(LastName)
Hilton,NOUN,HAS_GROUP(LastName)
Hirst,NOUN,HAS_GROUP(LastName)
Ho,NOUN,HAS_GROUP(LastName)
Hoare,NOUN,HAS_GROUP(LastName)
Hobbs,NOUN,HAS_GROUP(LastName)
Hobson,NOUN,HAS_GROUP(LastName)
Hodge,NOUN,HAS_GROUP(LastName)
Hodges,NOUN,HAS_GROUP(LastName)
Hodgkinson,NOUN,HAS_GROUP(LastName)
Hodgson,NOUN,HAS_GROUP(LastName)
Hodson,NOUN,HAS_GROUP(LastName)
Hogan,NOUN,HAS_GROUP(LastName)
Hogg,NOUN,HAS_GROUP(LastName)
Holden,NOUN,HAS_GROUP(LastName)
Holder,NOUN,HAS_GROUP(LastName)
Holland,NOUN,HAS_GROUP(LastName)
Hollis,NOUN,HAS_GROUP(LastName)
Holloway,NOUN,HAS_GROUP(LastName)
Holmes,NOUN,HAS_GROUP(LastName)
Holt,NOUN,HAS_GROUP(LastName)
Hood,NOUN,HAS_GROUP(LastName)
Hooper,NOUN,HAS_GROUP(LastName)
Hope,NOUN,HAS_GROUP(LastName)
Hopkins,NOUN,HAS_GROUP(LastName)
Hopkinson,NOUN,HAS_GROUP(LastName)
Horne,NOUN,HAS_GROUP(LastName)
Horton,NOUN,HAS_GROUP(LastName)
Hough,NOUN,HAS_GROUP(LastName)
Houghton,NOUN,HAS_GROUP(LastName)
Houston,NOUN,HAS_GROUP(LastName)
Howard,NOUN,HAS_GROUP(LastName)
Howarth,NOUN,HAS_GROUP(LastName)
Howe,NOUN,HAS_GROUP(LastName)
Howell,NOUN,HAS_GROUP(LastName)
Howells,NOUN,HAS_GROUP(LastName)
Howes,NOUN,HAS_GROUP(LastName)
Hu,NOUN,HAS_GROUP(LastName)
Huang,NOUN,HAS_GROUP(LastName)
Hubbard,NOUN,HAS_GROUP(LastName)
Hudson,NOUN,HAS_GROUP(LastName)
Hughes,NOUN,HAS_GROUP(LastName)
Hull,NOUN,HAS_GROUP(LastName)
Hume,NOUN,HAS_GROUP(LastName)
Humphrey,NOUN,HAS_GROUP(LastName)
Humphreys,NOUN,HAS_GROUP(LastName)
Humphries,NOUN,HAS_GROUP(LastName)
Hunt,NOUN,HAS_GROUP(LastName)
Hunter,NOUN,HAS_GROUP(LastName)
Hurst,NOUN,HAS_GROUP(LastName)
Hussain,NOUN,HAS_GROUP(LastName)
Hutchings,NOUN,HAS_GROUP(LastName)
Hutchinson,NOUN,HAS_GROUP(LastName)
Hutchison,NOUN,HAS_GROUP(LastName)
Hutton,NOUN,HAS_GROUP(LastName)
Hyde,NOUN,HAS_GROUP(LastName)
Ingham,NOUN,HAS_GROUP(LastName)
Ingram,NOUN,HAS_GROUP(LastName)
Innes,NOUN,HAS_GROUP(LastName)
Iqbal,NOUN,HAS_GROUP(LastName)
Ireland,NOUN,HAS_GROUP(LastName)
Irvine,NOUN,HAS_GROUP(LastName)
Irving,NOUN,HAS_GROUP(LastName)
Isherwood,NOUN,HAS_GROUP(LastName)
Islam,NOUN,HAS_GROUP(LastName)
Ismail,NOUN,HAS_GROUP(LastName)
Ives,NOUN,HAS_GROUP(LastName)
Jack,NOUN,HAS_GROUP(LastName)
Jackson,NOUN,HAS_GROUP(LastName)
Jacobs,NOUN,HAS_GROUP(LastName)
Jadav,NOUN,HAS_GROUP(LastName)
Jade,NOUN,HAS_GROUP(LastName)
Jadeja,NOUN,HAS_GROUP(LastName)
Jain,NOUN,HAS_GROUP(LastName)
James,NOUN,HAS_GROUP(LastName)
Jamieson,NOUN,HAS_GROUP(LastName)
Jane,NOUN,HAS_GROUP(LastName)
Jarvis,NOUN,HAS_GROUP(LastName)
Jay,NOUN,HAS_GROUP(LastName)
Jayne,NOUN,HAS_GROUP(LastName)
Jeffery,NOUN,HAS_GROUP(LastName)
Jeffrey,NOUN,HAS_GROUP(LastName)
Jenkins,NOUN,HAS_GROUP(LastName)
Jenkinson,NOUN,HAS_GROUP(LastName)
Jennings,NOUN,HAS_GROUP(LastName)
Jiang,NOUN,HAS_GROUP(LastName)
Jin,NOUN,HAS_GROUP(LastName)
John,NOUN,HAS_GROUP(LastName)
Johns,NOUN,HAS_GROUP(LastName)
Johnson,NOUN,HAS_GROUP(LastName)
Johnston,NOUN,HAS_GROUP(LastName)
Johnstone,NOUN,HAS_GROUP(LastName)
Jones,NOUN,HAS_GROUP(LastName)
Jordan,NOUN,HAS_GROUP(LastName)
Joseph,NOUN,HAS_GROUP(LastName)
Joshi,NOUN,HAS_GROUP(LastName)
Joyce,NOUN,HAS_GROUP(LastName)
Judge,NOUN,HAS_GROUP(LastName)
Kane,NOUN,HAS_GROUP(LastName)
Kaur,NOUN,HAS_GROUP(LastName)
Kavanagh,NOUN,HAS_GROUP(LastName)
Kay,NOUN,HAS_GROUP(LastName)
Keegan,NOUN,HAS_GROUP(LastName)
Keeling,NOUN,HAS_GROUP(LastName)
Keen,NOUN,HAS_GROUP(LastName)
Keenan,NOUN,HAS_GROUP(LastName)
Kelly,NOUN,HAS_GROUP(LastName)
Kemp,NOUN,HAS_GROUP(LastName)
Kendall,NOUN,HAS_GROUP(LastName)
Kennedy,NOUN,HAS_GROUP(LastName)
Kenny,NOUN,HAS_GROUP(LastName)
Kent,NOUN,HAS_GROUP(LastName)
Kenyon,NOUN,HAS_GROUP(LastName)
Kerr,NOUN,HAS_GROUP(LastName)
Kerry,NOUN,HAS_GROUP(LastName)
Kershaw,NOUN,HAS_GROUP(LastName)
Khalil,NOUN,HAS_GROUP(LastName)
Khan,NOUN,HAS_GROUP(LastName)
Kidd,NOUN,HAS_GROUP(LastName)
Kim,NOUN,HAS_GROUP(LastName)
King,NOUN,HAS_GROUP(LastName)
Kirby,NOUN,HAS_GROUP(LastName)
Kirk,NOUN,HAS_GROUP(LastName)
Kirkham,NOUN,HAS_GROUP(LastName)
Knight,NOUN,HAS_GROUP(LastName)
Knowles,NOUN,HAS_GROUP(LastName)
Knox,NOUN,HAS_GROUP(LastName)
Kumar,NOUN,HAS_GROUP(LastName)
Kyle,NOUN,HAS_GROUP(LastName)
Lacey,NOUN,HAS_GROUP(LastName)
Lafferty,NOUN,HAS_GROUP(LastName)
Lake,NOUN,HAS_GROUP(LastName)
Lamb,NOUN,HAS_GROUP(LastName)
Lambert,NOUN,HAS_GROUP(LastName)
Lancaster,NOUN,HAS_GROUP(LastName)
Lane,NOUN,HAS_GROUP(LastName)
Lang,NOUN,HAS_GROUP(LastName)
Langford,NOUN,HAS_GROUP(LastName)
Langley,NOUN,HAS_GROUP(LastName)
Larkin,NOUN,HAS_GROUP(LastName)
Latham,NOUN,HAS_GROUP(LastName)
Lavery,NOUN,HAS_GROUP(LastName)
Law,NOUN,HAS_GROUP(LastName)
Lawlor,NOUN,HAS_GROUP(LastName)
Lawrence,NOUN,HAS_GROUP(LastName)
Lawson,NOUN,HAS_GROUP(LastName)
Lawton,NOUN,HAS_GROUP(LastName)
Lea,NOUN,HAS_GROUP(LastName)
Leach,NOUN,HAS_GROUP(LastName)
Lee,NOUN,HAS_GROUP(LastName)
Lees,NOUN,HAS_GROUP(LastName)
Leigh,NOUN,HAS_GROUP(LastName)
Leighton,NOUN,HAS_GROUP(LastName)
Lennon,NOUN,HAS_GROUP(LastName)
Leonard,NOUN,HAS_GROUP(LastName)
Lewis,NOUN,HAS_GROUP(LastName)
Li,NOUN,HAS_GROUP(LastName)
Liang,NOUN,HAS_GROUP(LastName)
Liddle,NOUN,HAS_GROUP(LastName)
Lin,NOUN,HAS_GROUP(LastName)
Lindsay,NOUN,HAS_GROUP(LastName)
Lister,NOUN,HAS_GROUP(LastName)
Little,NOUN,HAS_GROUP(LastName)
Liu,NOUN,HAS_GROUP(LastName)
Llewellyn,NOUN,HAS_GROUP(LastName)
Lloyd,NOUN,HAS_GROUP(LastName)
Lock,NOUN,HAS_GROUP(LastName)
Lockwood,NOUN,HAS_GROUP(LastName)
Lodge,NOUN,HAS_GROUP(LastName)
Logan,NOUN,HAS_GROUP(LastName)
Lomas,NOUN,HAS_GROUP(LastName)
Lomax,NOUN,HAS_GROUP(LastName)
London,NOUN,HAS_GROUP(LastName)
Long,NOUN,HAS_GROUP(LastName)
Lord,NOUN,HAS_GROUP(LastName)
Lou,NOUN,HAS_GROUP(LastName)
Louise,NOUN,HAS_GROUP(LastName)
Love,NOUN,HAS_GROUP(LastName)
Lovell,NOUN,HAS_GROUP(LastName)
Low,NOUN,HAS_GROUP(LastName)
Lowe,NOUN,HAS_GROUP(LastName)
Lowry,NOUN,HAS_GROUP(LastName)
Lu,NOUN,HAS_GROUP(LastName)
Lucas,NOUN,HAS_GROUP(LastName)
Lunn,NOUN,HAS_GROUP(LastName)
Luo,NOUN,HAS_GROUP(LastName)
Lynch,NOUN,HAS_GROUP(LastName)
Lynn,NOUN,HAS_GROUP(LastName)
Lyon,NOUN,HAS_GROUP(LastName)
Lyons,NOUN,HAS_GROUP(LastName)
Ma,NOUN,HAS_GROUP(LastName)
Mac,NOUN,HAS_GROUP(LastName)
Macdonald,NOUN,HAS_GROUP(LastName)
Macfarlane,NOUN,HAS_GROUP(LastName)
Mack,NOUN,HAS_GROUP(LastName)
Mackay,NOUN,HAS_GROUP(LastName)
Mackenzie,NOUN,HAS_GROUP(LastName)
Mackie,NOUN,HAS_GROUP(LastName)
Mackinnon,NOUN,HAS_GROUP(LastName)
Maclean,NOUN,HAS_GROUP(LastName)
Macleod,NOUN,HAS_GROUP(LastName)
Maddison,NOUN,HAS_GROUP(LastName)
Magee,NOUN,HAS_GROUP(LastName)
Maguire,NOUN,HAS_GROUP(LastName)
Maher,NOUN,HAS_GROUP(LastName)
Mahmood,NOUN,HAS_GROUP(LastName)
Major,NOUN,HAS_GROUP(LastName)
Makwana,NOUN,HAS_GROUP(LastName)
Malcolm,NOUN,HAS_GROUP(LastName)
Malik,NOUN,HAS_GROUP(LastName)
Malone,NOUN,HAS_GROUP(LastName)
Man,NOUN,HAS_GROUP(LastName)
Mann,NOUN,HAS_GROUP(LastName)
Manning,NOUN,HAS_GROUP(LastName)
Mansell,NOUN,HAS_GROUP(LastName)
Mansfield,NOUN,HAS_GROUP(LastName)
Marie,NOUN,HAS_GROUP(LastName)
Marks,NOUN,HAS_GROUP(LastName)
Marr,NOUN,HAS_GROUP(LastName)
Marriott,NOUN,HAS_GROUP(LastName)
Marsden,NOUN,HAS_GROUP(LastName)
Marsh,NOUN,HAS_GROUP(LastName)
Marshall,NOUN,HAS_GROUP(LastName)
Martin,NOUN,HAS_GROUP(LastName)
Martinez,NOUN,HAS_GROUP(LastName)
Martins,NOUN,HAS_GROUP(LastName)
Mason,NOUN,HAS_GROUP(LastName)
Massey,NOUN,HAS_GROUP(LastName)
Masters,NOUN,HAS_GROUP(LastName)
Mather,NOUN,HAS_GROUP(LastName)
Matthews,NOUN,HAS_GROUP(LastName)
Maxwell,NOUN,HAS_GROUP(LastName)
May,NOUN,HAS_GROUP(LastName)
Mc,NOUN,HAS_GROUP(LastName)
Mcallister,NOUN,HAS_GROUP(LastName)
Mcbride,NOUN,HAS_GROUP(LastName)
Mccabe,NOUN,HAS_GROUP(LastName)
Mccallum,NOUN,HAS_GROUP(LastName)
Mccann,NOUN,HAS_GROUP(LastName)
Mccarthy,NOUN,HAS_GROUP(LastName)
Mccloskey,NOUN,HAS_GROUP(LastName)
Mcclure,NOUN,HAS_GROUP(LastName)
Mccoll,NOUN,HAS_GROUP(LastName)
Mcconnell,NOUN,HAS_GROUP(LastName)
Mccormack,NOUN,HAS_GROUP(LastName)
Mccormick,NOUN,HAS_GROUP(LastName)
Mcculloch,NOUN,HAS_GROUP(LastName)
Mcdermott,NOUN,HAS_GROUP(LastName)
Mcdonagh,NOUN,HAS_GROUP(LastName)
Mcdonald,NOUN,HAS_GROUP(LastName)
Mcdonnell,NOUN,HAS_GROUP(LastName)
Mcdougall,NOUN,HAS_GROUP(LastName)
Mcewan,NOUN,HAS_GROUP(LastName)
Mcfarlane,NOUN,HAS_GROUP(LastName)
Mcgarry,NOUN,HAS_GROUP(LastName)
Mcgee,NOUN,HAS_GROUP(LastName)
Mcghee,NOUN,HAS_GROUP(LastName)
Mcgowan,NOUN,HAS_GROUP(LastName)
Mcgrath,NOUN,HAS_GROUP(LastName)
Mcgregor,NOUN,HAS_GROUP(LastName)
Mcguinness,NOUN,HAS_GROUP(LastName)
Mcguire,NOUN,HAS_GROUP(LastName)
Mcintosh,NOUN,HAS_GROUP(LastName)
Mcintyre,NOUN,HAS_GROUP(LastName)
Mckay,NOUN,HAS_GROUP(LastName)
Mckee,NOUN,HAS_GROUP(LastName)
Mckenna,NOUN,HAS_GROUP(LastName)
Mckenzie,NOUN,HAS_GROUP(LastName)
Mckeown,NOUN,HAS_GROUP(LastName)
Mcknight,NOUN,HAS_GROUP(LastName)
Mclaren,NOUN,HAS_GROUP(LastName)
Mclaughlin,NOUN,HAS_GROUP(LastName)
Mclean,NOUN,HAS_GROUP(LastName)
Mcleod,NOUN,HAS_GROUP(LastName)
Mcloughlin,NOUN,HAS_GROUP(LastName)
Mcmahon,NOUN,HAS_GROUP(LastName)
Mcmanus,NOUN,HAS_GROUP(LastName)
Mcmillan,NOUN,HAS_GROUP(LastName)
Mcnally,NOUN,HAS_GROUP(LastName)
Mcnamara,NOUN,HAS_GROUP(LastName)
Mcneill,NOUN,HAS_GROUP(LastName)
Mcpherson,NOUN,HAS_GROUP(LastName)
Mcshane,NOUN,HAS_GROUP(LastName)
Mead,NOUN,HAS_GROUP(LastName)
Meek,NOUN,HAS_GROUP(LastName)
Mehta,NOUN,HAS_GROUP(LastName)
Mellor,NOUN,HAS_GROUP(LastName)
Mercer,NOUN,HAS_GROUP(LastName)
Meredith,NOUN,HAS_GROUP(LastName)
Metcalfe,NOUN,HAS_GROUP(LastName)
Miah,NOUN,HAS_GROUP(LastName)
Michael,NOUN,HAS_GROUP(LastName)
Middleton,NOUN,HAS_GROUP(LastName)
Miles,NOUN,HAS_GROUP(LastName)
Millar,NOUN,HAS_GROUP(LastName)
Miller,NOUN,HAS_GROUP(LastName)
Milligan,NOUN,HAS_GROUP(LastName)
Millington,NOUN,HAS_GROUP(LastName)
Mills,NOUN,HAS_GROUP(LastName)
Milne,NOUN,HAS_GROUP(LastName)
Milner,NOUN,HAS_GROUP(LastName)
Milton,NOUN,HAS_GROUP(LastName)
Mirza,NOUN,HAS_GROUP(LastName)
Mistry,NOUN,HAS_GROUP(LastName)
Mitchell,NOUN,HAS_GROUP(LastName)
Modi,NOUN,HAS_GROUP(LastName)
Moffat,NOUN,HAS_GROUP(LastName)
Mohamed,NOUN,HAS_GROUP(LastName)
Mohammed,NOUN,HAS_GROUP(LastName)
Molloy,NOUN,HAS_GROUP(LastName)
Monaghan,NOUN,HAS_GROUP(LastName)
Monk,NOUN,HAS_GROUP(LastName)
Montgomery,NOUN,HAS_GROUP(LastName)
Moody,NOUN,HAS_GROUP(LastName)
Moon,NOUN,HAS_GROUP(LastName)
Mooney,NOUN,HAS_GROUP(LastName)
Moore,NOUN,HAS_GROUP(LastName)
Moran,NOUN,HAS_GROUP(LastName)
Morgan,NOUN,HAS_GROUP(LastName)
Morley,NOUN,HAS_GROUP(LastName)
Morris,NOUN,HAS_GROUP(LastName)
Morrison,NOUN,HAS_GROUP(LastName)
Mortimer,NOUN,HAS_GROUP(LastName)
Morton,NOUN,HAS_GROUP(LastName)
Moss,NOUN,HAS_GROUP(LastName)
Mountain,NOUN,HAS_GROUP(LastName)
Mountford,NOUN,HAS_GROUP(LastName)
Mowbray,NOUN,HAS_GROUP(LastName)
Muir,NOUN,HAS_GROUP(LastName)
Mullan,NOUN,HAS_GROUP(LastName)
Mullen,NOUN,HAS_GROUP(LastName)
Mullins,NOUN,HAS_GROUP(LastName)
Munro,NOUN,HAS_GROUP(LastName)
Murphy,NOUN,HAS_GROUP(LastName)
Murray,NOUN,HAS_GROUP(LastName)
Myers,NOUN,HAS_GROUP(LastName)
Nash,NOUN,HAS_GROUP(LastName)
Nawaz,NOUN,HAS_GROUP(LastName)
Naylor,NOUN,HAS_GROUP(LastName)
Neal,NOUN,HAS_GROUP(LastName)
Neale,NOUN,HAS_GROUP(LastName)
Needham,NOUN,HAS_GROUP(LastName)
Neill,NOUN,HAS_GROUP(LastName)
Nelson,NOUN,HAS_GROUP(LastName)
Neville,NOUN,HAS_GROUP(LastName)
New,NOUN,HAS_GROUP(LastName)
Newby,NOUN,HAS_GROUP(LastName)
Newell,NOUN,HAS_GROUP(LastName)
Newman,NOUN,HAS_GROUP(LastName)
Newton,NOUN,HAS_GROUP(LastName)
Nguyen,NOUN,HAS_GROUP(LastName)
Ni,NOUN,HAS_GROUP(LastName)
Nicholas,NOUN,HAS_GROUP(LastName)
Nicholls,NOUN,HAS_GROUP(LastName)
Nichols,NOUN,HAS_GROUP(LastName)
Nicholson,NOUN,HAS_GROUP(LastName)
Nicol,NOUN,HAS_GROUP(LastName)
Nightingale,NOUN,HAS_GROUP(LastName)
Nixon,NOUN,HAS_GROUP(LastName)
Noble,NOUN,HAS_GROUP(LastName)
Nolan,NOUN,HAS_GROUP(LastName)
Norman,NOUN,HAS_GROUP(LastName)
Norris,NOUN,HAS_GROUP(LastName)
North,NOUN,HAS_GROUP(LastName)
Norton,NOUN,HAS_GROUP(LastName)
Nowak,NOUN,HAS_GROUP(LastName)
Nugent,NOUN,HAS_GROUP(LastName)
Nunn,NOUN,HAS_GROUP(LastName)
Oakes,NOUN,HAS_GROUP(LastName)
Oakley,NOUN,HAS_GROUP(LastName)
Obrien,NOUN,HAS_GROUP(LastName)
Oconnell,NOUN,HAS_GROUP(LastName)
Oconnor,NOUN,HAS_GROUP(LastName)
Odell,NOUN,HAS_GROUP(LastName)
Odonnell,NOUN,HAS_GROUP(LastName)
Ogden,NOUN,HAS_GROUP(LastName)
Ogrady,NOUN,HAS_GROUP(LastName)
Ohara,NOUN,HAS_GROUP(LastName)
Ohare,NOUN,HAS_GROUP(LastName)
Oleary,NOUN,HAS_GROUP(LastName)
Oliveira,NOUN,HAS_GROUP(LastName)
Oliver,NOUN,HAS_GROUP(LastName)
Oneil,NOUN,HAS_GROUP(LastName)
Oneill,NOUN,HAS_GROUP(LastName)
Oreilly,NOUN,HAS_GROUP(LastName)
Orourke,NOUN,HAS_GROUP(LastName)
Orr,NOUN,HAS_GROUP(LastName)
Osborne,NOUN,HAS_GROUP(LastName)
Osullivan,NOUN,HAS_GROUP(LastName)
Otoole,NOUN,HAS_GROUP(LastName)
Owen,NOUN,HAS_GROUP(LastName)
Owens,NOUN,HAS_GROUP(LastName)
Page,NOUN,HAS_GROUP(LastName)
Palmer,NOUN,HAS_GROUP(LastName)
Pan,NOUN,HAS_GROUP(LastName)
Panchal,NOUN,HAS_GROUP(LastName)
Park,NOUN,HAS_GROUP(LastName)
Parker,NOUN,HAS_GROUP(LastName)
Parkes,NOUN,HAS_GROUP(LastName)
Parkin,NOUN,HAS_GROUP(LastName)
Parkinson,NOUN,HAS_GROUP(LastName)
Parmar,NOUN,HAS_GROUP(LastName)
Parr,NOUN,HAS_GROUP(LastName)
Parry,NOUN,HAS_GROUP(LastName)
Parsons,NOUN,HAS_GROUP(LastName)
Partridge,NOUN,HAS_GROUP(LastName)
Patel,NOUN,HAS_GROUP(LastName)
Paterson,NOUN,HAS_GROUP(LastName)
Paton,NOUN,HAS_GROUP(LastName)
Patterson,NOUN,HAS_GROUP(LastName)
Pattison,NOUN,HAS_GROUP(LastName)
Paul,NOUN,HAS_GROUP(LastName)
Payne,NOUN,HAS_GROUP(LastName)
Peacock,NOUN,HAS_GROUP(LastName)
Pearce,NOUN,HAS_GROUP(LastName)
Pearson,NOUN,HAS_GROUP(LastName)
Peng,NOUN,HAS_GROUP(LastName)
Penny,NOUN,HAS_GROUP(LastName)
Pereira,NOUN,HAS_GROUP(LastName)
Perkins,NOUN,HAS_GROUP(LastName)
Perry,NOUN,HAS_GROUP(LastName)
Peters,NOUN,HAS_GROUP(LastName)
Phillips,NOUN,HAS_GROUP(LastName)
Philpott,NOUN,HAS_GROUP(LastName)
Phipps,NOUN,HAS_GROUP(LastName)
Pickering,NOUN,HAS_GROUP(LastName)
Pierce,NOUN,HAS_GROUP(LastName)
Pike,NOUN,HAS_GROUP(LastName)
Pinder,NOUN,HAS_GROUP(LastName)
Pinto,NOUN,HAS_GROUP(LastName)
Piper,NOUN,HAS_GROUP(LastName)
Pitt,NOUN,HAS_GROUP(LastName)
Platt,NOUN,HAS_GROUP(LastName)
Pollard,NOUN,HAS_GROUP(LastName)
Pollock,NOUN,HAS_GROUP(LastName)
Poole,NOUN,HAS_GROUP(LastName)
Pope,NOUN,HAS_GROUP(LastName)
Porter,NOUN,HAS_GROUP(LastName)
Potter,NOUN,HAS_GROUP(LastName)
Potts,NOUN,HAS_GROUP(LastName)
Powell,NOUN,HAS_GROUP(LastName)
Power,NOUN,HAS_GROUP(LastName)
Prajapati,NOUN,HAS_GROUP(LastName)
Pratt,NOUN,HAS_GROUP(LastName)
Preece,NOUN,HAS_GROUP(LastName)
Preston,NOUN,HAS_GROUP(LastName)
Price,NOUN,HAS_GROUP(LastName)
Priest,NOUN,HAS_GROUP(LastName)
Prince,NOUN,HAS_GROUP(LastName)
Prior,NOUN,HAS_GROUP(LastName)
Pritchard,NOUN,HAS_GROUP(LastName)
Proctor,NOUN,HAS_GROUP(LastName)
Pugh,NOUN,HAS_GROUP(LastName)
Pullen,NOUN,HAS_GROUP(LastName)
Purcell,NOUN,HAS_GROUP(LastName)
Purvis,NOUN,HAS_GROUP(LastName)
Quinn,NOUN,HAS_GROUP(LastName)
Radford,NOUN,HAS_GROUP(LastName)
Rae,NOUN,HAS_GROUP(LastName)
Rahman,NOUN,HAS_GROUP(LastName)
Raj,NOUN,HAS_GROUP(LastName)
Raja,NOUN,HAS_GROUP(LastName)
Rajput,NOUN,HAS_GROUP(LastName)
Ralph,NOUN,HAS_GROUP(LastName)
Ramsay,NOUN,HAS_GROUP(LastName)
Ramsden,NOUN,HAS_GROUP(LastName)
Ramsey,NOUN,HAS_GROUP(LastName)
Rana,NOUN,HAS_GROUP(LastName)
Randall,NOUN,HAS_GROUP(LastName)
Rankin,NOUN,HAS_GROUP(LastName)
Rashid,NOUN,HAS_GROUP(LastName)
Rathod,NOUN,HAS_GROUP(LastName)
Raval,NOUN,HAS_GROUP(LastName)
Ray,NOUN,HAS_GROUP(LastName)
Rayner,NOUN,HAS_GROUP(LastName)
Read,NOUN,HAS_GROUP(LastName)
Reed,NOUN,HAS_GROUP(LastName)
Rees,NOUN,HAS_GROUP(LastName)
Reeve,NOUN,HAS_GROUP(LastName)
Reeves,NOUN,HAS_GROUP(LastName)
Regan,NOUN,HAS_GROUP(LastName)
Rehman,NOUN,HAS_GROUP(LastName)
Reid,NOUN,HAS_GROUP(LastName)
Reilly,NOUN,HAS_GROUP(LastName)
Ren,NOUN,HAS_GROUP(LastName)
Reynolds,NOUN,HAS_GROUP(LastName)
Rhodes,NOUN,HAS_GROUP(LastName)
Rice,NOUN,HAS_GROUP(LastName)
Richards,NOUN,HAS_GROUP(LastName)
Richardson,NOUN,HAS_GROUP(LastName)
Richmond,NOUN,HAS_GROUP(LastName)
Ridley,NOUN,HAS_GROUP(LastName)
Rigby,NOUN,HAS_GROUP(LastName)
Riley,NOUN,HAS_GROUP(LastName)
Ritchie,NOUN,HAS_GROUP(LastName)
Roach,NOUN,HAS_GROUP(LastName)
Robb,NOUN,HAS_GROUP(LastName)
Roberts,NOUN,HAS_GROUP(LastName)
Robertson,NOUN,HAS_GROUP(LastName)
Robins,NOUN,HAS_GROUP(LastName)
Robinson,NOUN,HAS_GROUP(LastName)
Robson,NOUN,HAS_GROUP(LastName)
Rodgers,NOUN,HAS_GROUP(LastName)
Rodriguez,NOUN,HAS_GROUP(LastName)
Roe,NOUN,HAS_GROUP(LastName)
Rogers,NOUN,HAS_GROUP(LastName)
Rogerson,NOUN,HAS_GROUP(LastName)
Rooney,NOUN,HAS_GROUP(LastName)
Roper,NOUN,HAS_GROUP(LastName)
Rose,NOUN,HAS_GROUP(LastName)
Ross,NOUN,HAS_GROUP(LastName)
Rowe,NOUN,HAS_GROUP(LastName)
Rowland,NOUN,HAS_GROUP(LastName)
Rowlands,NOUN,HAS_GROUP(LastName)
Rowley,NOUN,HAS_GROUP(LastName)
Roy,NOUN,HAS_GROUP(LastName)
Rudd,NOUN,HAS_GROUP(LastName)
Rushton,NOUN,HAS_GROUP(LastName)
Russell,NOUN,HAS_GROUP(LastName)
Rutherford,NOUN,HAS_GROUP(LastName)
Rutter,NOUN,HAS_GROUP(LastName)
Ryan,NOUN,HAS_GROUP(LastName)
Ryder,NOUN,HAS_GROUP(LastName)
Sadler,NOUN,HAS_GROUP(LastName)
Sagar,NOUN,HAS_GROUP(LastName)
Salmon,NOUN,HAS_GROUP(LastName)
Salter,NOUN,HAS_GROUP(LastName)
Sampson,NOUN,HAS_GROUP(LastName)
Sanchez,NOUN,HAS_GROUP(LastName)
Sanders,NOUN,HAS_GROUP(LastName)
Sanderson,NOUN,HAS_GROUP(LastName)
Sandhu,NOUN,HAS_GROUP(LastName)
Santos,NOUN,HAS_GROUP(LastName)
Sargent,NOUN,HAS_GROUP(LastName)
Saunders,NOUN,HAS_GROUP(LastName)
Savage,NOUN,HAS_GROUP(LastName)
Sawyer,NOUN,HAS_GROUP(LastName)
Schofield,NOUN,HAS_GROUP(LastName)
Scott,NOUN,HAS_GROUP(LastName)
Seddon,NOUN,HAS_GROUP(LastName)
Selby,NOUN,HAS_GROUP(LastName)
Senior,NOUN,HAS_GROUP(LastName)
Sewell,NOUN,HAS_GROUP(LastName)
Seymour,NOUN,HAS_GROUP(LastName)
Shah,NOUN,HAS_GROUP(LastName)
Shaikh,NOUN,HAS_GROUP(LastName)
Shannon,NOUN,HAS_GROUP(LastName)
Sharkey,NOUN,HAS_GROUP(LastName)
Sharma,NOUN,HAS_GROUP(LastName)
Sharp,NOUN,HAS_GROUP(LastName)
Sharpe,NOUN,HAS_GROUP(LastName)
Shaw,NOUN,HAS_GROUP(LastName)
Shearer,NOUN,HAS_GROUP(LastName)
Sheikh,NOUN,HAS_GROUP(LastName)
Sheldon,NOUN,HAS_GROUP(LastName)
Shen,NOUN,HAS_GROUP(LastName)
Shepherd,NOUN,HAS_GROUP(LastName)
Sheppard,NOUN,HAS_GROUP(LastName)
Sheridan,NOUN,HAS_GROUP(LastName)
Sherwood,NOUN,HAS_GROUP(LastName)
Shi,NOUN,HAS_GROUP(LastName)
Shields,NOUN,HAS_GROUP(LastName)
Shipley,NOUN,HAS_GROUP(LastName)
Short,NOUN,HAS_GROUP(LastName)
Silva,NOUN,HAS_GROUP(LastName)
Simmonds,NOUN,HAS_GROUP(LastName)
Simmons,NOUN,HAS_GROUP(LastName)
Simms,NOUN,HAS_GROUP(LastName)
Simon,NOUN,HAS_GROUP(LastName)
Simons,NOUN,HAS_GROUP(LastName)
Simpson,NOUN,HAS_GROUP(LastName)
Sims,NOUN,HAS_GROUP(LastName)
Sinclair,NOUN,HAS_GROUP(LastName)
Singh,NOUN,HAS_GROUP(LastName)
Singleton,NOUN,HAS_GROUP(LastName)
Skelton,NOUN,HAS_GROUP(LastName)
Skinner,NOUN,HAS_GROUP(LastName)
Slade,NOUN,HAS_GROUP(LastName)
Slater,NOUN,HAS_GROUP(LastName)
Sloan,NOUN,HAS_GROUP(LastName)
Small,NOUN,HAS_GROUP(LastName)
Smart,NOUN,HAS_GROUP(LastName)
Smith,NOUN,HAS_GROUP(LastName)
Smyth,NOUN,HAS_GROUP(LastName)
Snape,NOUN,HAS_GROUP(LastName)
Solanki,NOUN,HAS_GROUP(LastName)
Soni,NOUN,HAS_GROUP(LastName)
Sparkes,NOUN,HAS_GROUP(LastName)
Sparks,NOUN,HAS_GROUP(LastName)
Spence,NOUN,HAS_GROUP(LastName)
Spencer,NOUN,HAS_GROUP(LastName)
Squires,NOUN,HAS_GROUP(LastName)
Stacey,NOUN,HAS_GROUP(LastName)
Stafford,NOUN,HAS_GROUP(LastName)
Stanley,NOUN,HAS_GROUP(LastName)
Stanton,NOUN,HAS_GROUP(LastName)
Stead,NOUN,HAS_GROUP(LastName)
Steel,NOUN,HAS_GROUP(LastName)
Steele,NOUN,HAS_GROUP(LastName)
Steer,NOUN,HAS_GROUP(LastName)
Stephen,NOUN,HAS_GROUP(LastName)
Stephens,NOUN,HAS_GROUP(LastName)
Stephenson,NOUN,HAS_GROUP(LastName)
Stevens,NOUN,HAS_GROUP(LastName)
Stevenson,NOUN,HAS_GROUP(LastName)
Stewart,NOUN,HAS_GROUP(LastName)
Stockton,NOUN,HAS_GROUP(LastName)
Stokes,NOUN,HAS_GROUP(LastName)
Stone,NOUN,HAS_GROUP(LastName)
Stones,NOUN,HAS_GROUP(LastName)
Storey,NOUN,HAS_GROUP(LastName)
Stott,NOUN,HAS_GROUP(LastName)
Street,NOUN,HAS_GROUP(LastName)
Stringer,NOUN,HAS_GROUP(LastName)
Stuart,NOUN,HAS_GROUP(LastName)
Stubbs,NOUN,HAS_GROUP(LastName)
Sullivan,NOUN,HAS_GROUP(LastName)
Summers,NOUN,HAS_GROUP(LastName)
Sumner,NOUN,HAS_GROUP(LastName)
Sun,NOUN,HAS_GROUP(LastName)
Sutcliffe,NOUN,HAS_GROUP(LastName)
Suthar,NOUN,HAS_GROUP(LastName)
Sutherland,NOUN,HAS_GROUP(LastName)
Sutton,NOUN,HAS_GROUP(LastName)
Swain,NOUN,HAS_GROUP(LastName)
Swan,NOUN,HAS_GROUP(LastName)
Sweeney,NOUN,HAS_GROUP(LastName)
Swift,NOUN,HAS_GROUP(LastName)
Sykes,NOUN,HAS_GROUP(LastName)
Taggart,NOUN,HAS_GROUP(LastName)
Tait,NOUN,HAS_GROUP(LastName)
Talbot,NOUN,HAS_GROUP(LastName)
Tan,NOUN,HAS_GROUP(LastName)
Tang,NOUN,HAS_GROUP(LastName)
Tao,NOUN,HAS_GROUP(LastName)
Tate,NOUN,HAS_GROUP(LastName)
Taylor,NOUN,HAS_GROUP(LastName)
Terry,NOUN,HAS_GROUP(LastName)
Thakkar,NOUN,HAS_GROUP(LastName)
Thakor,NOUN,HAS_GROUP(LastName)
Thomas,NOUN,HAS_GROUP(LastName)
Thompson,NOUN,HAS_GROUP(LastName)
Thomson,NOUN,HAS_GROUP(LastName)
Thorne,NOUN,HAS_GROUP(LastName)
Thornton,NOUN,HAS_GROUP(LastName)
Thorpe,NOUN,HAS_GROUP(LastName)
Tian,NOUN,HAS_GROUP(LastName)
Todd,NOUN,HAS_GROUP(LastName)
Tomlinson,NOUN,HAS_GROUP(LastName)
Tong,NOUN,HAS_GROUP(LastName)
Townsend,NOUN,HAS_GROUP(LastName)
Tracey,NOUN,HAS_GROUP(LastName)
Trivedi,NOUN,HAS_GROUP(LastName)
Tucker,NOUN,HAS_GROUP(LastName)
Turnbull,NOUN,HAS_GROUP(LastName)
Turner,NOUN,HAS_GROUP(LastName)
Turton,NOUN,HAS_GROUP(LastName)
Tyler,NOUN,HAS_GROUP(LastName)
Tyson,NOUN,HAS_GROUP(LastName)
Uddin,NOUN,HAS_GROUP(LastName)
Underwood,NOUN,HAS_GROUP(LastName)
Upton,NOUN,HAS_GROUP(LastName)
Urquhart,NOUN,HAS_GROUP(LastName)
Vaghela,NOUN,HAS_GROUP(LastName)
Valentine,NOUN,HAS_GROUP(LastName)
Vasava,NOUN,HAS_GROUP(LastName)
Vaughan,NOUN,HAS_GROUP(LastName)
Vernon,NOUN,HAS_GROUP(LastName)
Vickers,NOUN,HAS_GROUP(LastName)
Vincent,NOUN,HAS_GROUP(LastName)
Wade,NOUN,HAS_GROUP(LastName)
Wainwright,NOUN,HAS_GROUP(LastName)
Waite,NOUN,HAS_GROUP(LastName)
Wakefield,NOUN,HAS_GROUP(LastName)
Walker,NOUN,HAS_GROUP(LastName)
Wall,NOUN,HAS_GROUP(LastName)
Wallace,NOUN,HAS_GROUP(LastName)
Waller,NOUN,HAS_GROUP(LastName)
Wallis,NOUN,HAS_GROUP(LastName)
Walsh,NOUN,HAS_GROUP(LastName)
Walters,NOUN,HAS_GROUP(LastName)
Walton,NOUN,HAS_GROUP(LastName)
Wang,NOUN,HAS_GROUP(LastName)
Warburton,NOUN,HAS_GROUP(LastName)
Ward,NOUN,HAS_GROUP(LastName)
Wardle,NOUN,HAS_GROUP(LastName)
Warner,NOUN,HAS_GROUP(LastName)
Warren,NOUN,HAS_GROUP(LastName)
Warwick,NOUN,HAS_GROUP(LastName)
Waters,NOUN,HAS_GROUP(LastName)
Watkins,NOUN,HAS_GROUP(LastName)
Watson,NOUN,HAS_GROUP(LastName)
Watt,NOUN,HAS_GROUP(LastName)
Watts,NOUN,HAS_GROUP(LastName)
Weaver,NOUN,HAS_GROUP(LastName)
Webb,NOUN,HAS_GROUP(LastName)
Webber,NOUN,HAS_GROUP(LastName)
Webster,NOUN,HAS_GROUP(LastName)
Weeks,NOUN,HAS_GROUP(LastName)
Wei,NOUN,HAS_GROUP(LastName)
Weir,NOUN,HAS_GROUP(LastName)
Welch,NOUN,HAS_GROUP(LastName)
Weller,NOUN,HAS_GROUP(LastName)
Wells,NOUN,HAS_GROUP(LastName)
Welsh,NOUN,HAS_GROUP(LastName)
West,NOUN,HAS_GROUP(LastName)
Weston,NOUN,HAS_GROUP(LastName)
Westwood,NOUN,HAS_GROUP(LastName)
Wharton,NOUN,HAS_GROUP(LastName)
Wheeler,NOUN,HAS_GROUP(LastName)
Whelan,NOUN,HAS_GROUP(LastName)
White,NOUN,HAS_GROUP(LastName)
Whitehead,NOUN,HAS_GROUP(LastName)
Whitehouse,NOUN,HAS_GROUP(LastName)
Whitfield,NOUN,HAS_GROUP(LastName)
Whiting,NOUN,HAS_GROUP(LastName)
Whittaker,NOUN,HAS_GROUP(LastName)
Whittle,NOUN,HAS_GROUP(LastName)
Whitworth,NOUN,HAS_GROUP(LastName)
Whyte,NOUN,HAS_GROUP(LastName)
Wilcox,NOUN,HAS_GROUP(LastName)
Wild,NOUN,HAS_GROUP(LastName)
Wilde,NOUN,HAS_GROUP(LastName)
Wilkes,NOUN,HAS_GROUP(LastName)
Wilkins,NOUN,HAS_GROUP(LastName)
Wilkinson,NOUN,HAS_GROUP(LastName)
Williams,NOUN,HAS_GROUP(LastName)
Williamson,NOUN,HAS_GROUP(LastName)
Willis,NOUN,HAS_GROUP(LastName)
Wills,NOUN,HAS_GROUP(LastName)
Wilson,NOUN,HAS_GROUP(LastName)
Wiltshire,NOUN,HAS_GROUP(LastName)
Winstanley,NOUN,HAS_GROUP(LastName)
Winter,NOUN,HAS_GROUP(LastName)
Wise,NOUN,HAS_GROUP(LastName)
Withers,NOUN,HAS_GROUP(LastName)
Wong,NOUN,HAS_GROUP(LastName)
Wood,NOUN,HAS_GROUP(LastName)
Woodcock,NOUN,HAS_GROUP(LastName)
Woodhouse,NOUN,HAS_GROUP(LastName)
Woods,NOUN,HAS_GROUP(LastName)
Woodward,NOUN,HAS_GROUP(LastName)
Woolley,NOUN,HAS_GROUP(LastName)
Worrall,NOUN,HAS_GROUP(LastName)
Worthington,NOUN,HAS_GROUP(LastName)
Wright,NOUN,HAS_GROUP(LastName)
Wu,NOUN,HAS_GROUP(LastName)
Wyatt,NOUN,HAS_GROUP(LastName)
Wylie,NOUN,HAS_GROUP(LastName)
Xie,NOUN,HAS_GROUP(LastName)
Xu,NOUN,HAS_GROUP(LastName)
Yadav,NOUN,HAS_GROUP(LastName)
Yan,NOUN,HAS_GROUP(LastName)
Yang,NOUN,HAS_GROUP(LastName)
Yao,NOUN,HAS_GROUP(LastName)
Yates,NOUN,HAS_GROUP(LastName)
Ye,NOUN,HAS_GROUP(LastName)
Yin,NOUN,HAS_GROUP(LastName)
Young,NOUN,HAS_GROUP(LastName)
Yu,NOUN,HAS_GROUP(LastName)
Yuan,NOUN,HAS_GROUP(LastName)
Zhang,NOUN,HAS_GROUP(LastName)
Zhao,NOUN,HAS_GROUP(LastName)
Zheng,NOUN,HAS_GROUP(LastName)
Zhou,NOUN,HAS_GROUP(LastName)
Zhu,NOUN,HAS_GROUP(LastName)
Zou,NOUN,HAS_GROUP(LastName)
