Aaron,NOUN,HAS_GROUP(MaleGender),HAS_GROUP(FirstName)
Abbey,NOUN,HAS_GROUP(FemaleGender),HAS_GROUP(FirstName)
Abbi,NOUN,HAS_GROUP(FemaleGender),HAS_GROUP(FirstName)
Abbie,NOUN,HAS_GROUP(FemaleGender),HAS_GROUP(FirstName)
Abby,NOUN,HAS_GROUP(FemaleGender),HAS_GROUP(FirstName)
Abdul,NOUN,HAS_GROUP(MaleGender),HAS_GROUP(FirstName)
Abi,NOUN,HAS_GROUP(FemaleGender),HAS_GROUP(FirstName)
Abigail,NOUN,HAS_GROUP(FemaleGender),HAS_GROUP(FirstName)
Adam,NOUN,HAS_GROUP(MaleGender),HAS_GROUP(FirstName)
Adele,NOUN,HAS_GROUP(FemaleGender),HAS_GROUP(FirstName)
Adrian,NOUN,HAS_GROUP(MaleGender),HAS_GROUP(FirstName)
Ady,NOUN,HAS_GROUP(FemaleGender),HAS_GROUP(FirstName)
Aga,NOUN,HAS_GROUP(FemaleGender),HAS_GROUP(FirstName)
Agata,NOUN,HAS_GROUP(FemaleGender),HAS_GROUP(FirstName)
Agnes,NOUN,HAS_GROUP(FemaleGender),HAS_GROUP(FirstName)
Agnieszka,NOUN,HAS_GROUP(FemaleGender),HAS_GROUP(FirstName)
Ahmed,NOUN,HAS_GROUP(MaleGender),HAS_GROUP(FirstName)
Aidan,NOUN,HAS_GROUP(FemaleGender),HAS_GROUP(FirstName)
Aiden,NOUN,HAS_GROUP(MaleGender),HAS_GROUP(FirstName)
Aimee,NOUN,HAS_GROUP(FemaleGender),HAS_GROUP(FirstName)
Aisha,NOUN,HAS_GROUP(FemaleGender),HAS_GROUP(FirstName)
Aj,NOUN,HAS_GROUP(MaleGender),HAS_GROUP(FirstName)
Ajay,NOUN,HAS_GROUP(MaleGender),HAS_GROUP(FirstName)
Akash,NOUN,HAS_GROUP(MaleGender),HAS_GROUP(FirstName)
Akshay,NOUN,HAS_GROUP(MaleGender),HAS_GROUP(FirstName)
Al,NOUN,HAS_GROUP(MaleGender),HAS_GROUP(FirstName)
Alan,NOUN,HAS_GROUP(MaleGender),HAS_GROUP(FirstName)
Alana,NOUN,HAS_GROUP(FemaleGender),HAS_GROUP(FirstName)
Alastair,NOUN,HAS_GROUP(MaleGender),HAS_GROUP(FirstName)
Alec,NOUN,HAS_GROUP(FemaleGender),HAS_GROUP(FirstName)
Aled,NOUN,HAS_GROUP(MaleGender),HAS_GROUP(FirstName)
Aleksandra,NOUN,HAS_GROUP(FemaleGender),HAS_GROUP(FirstName)
Alex,NOUN,HAS_GROUP(MaleGender),HAS_GROUP(FirstName)
Alexander,NOUN,HAS_GROUP(MaleGender),HAS_GROUP(FirstName)
Alexandra,NOUN,HAS_GROUP(FemaleGender),HAS_GROUP(FirstName)
Alfie,NOUN,HAS_GROUP(MaleGender),HAS_GROUP(FirstName)
Ali,NOUN,HAS_GROUP(MaleGender),HAS_GROUP(FirstName)
Alice,NOUN,HAS_GROUP(FemaleGender),HAS_GROUP(FirstName)
Alicia,NOUN,HAS_GROUP(FemaleGender),HAS_GROUP(FirstName)
Alina,NOUN,HAS_GROUP(FemaleGender),HAS_GROUP(FirstName)
Alisha,NOUN,HAS_GROUP(FemaleGender),HAS_GROUP(FirstName)
Alison,NOUN,HAS_GROUP(FemaleGender),HAS_GROUP(FirstName)
Alistair,NOUN,HAS_GROUP(MaleGender),HAS_GROUP(FirstName)
Alix,NOUN,HAS_GROUP(FemaleGender),HAS_GROUP(FirstName)
Allan,NOUN,HAS_GROUP(MaleGender),HAS_GROUP(FirstName)
Allison,NOUN,HAS_GROUP(FemaleGender),HAS_GROUP(FirstName)
Ally,NOUN,HAS_GROUP(FemaleGender),HAS_GROUP(FirstName)
Alun,NOUN,HAS_GROUP(MaleGender),HAS_GROUP(FirstName)
Aman,NOUN,HAS_GROUP(MaleGender),HAS_GROUP(FirstName)
Amanda,NOUN,HAS_GROUP(FemaleGender),HAS_GROUP(FirstName)
Amber,NOUN,HAS_GROUP(FemaleGender),HAS_GROUP(FirstName)
Amelia,NOUN,HAS_GROUP(FemaleGender),HAS_GROUP(FirstName)
Amie,NOUN,HAS_GROUP(FemaleGender),HAS_GROUP(FirstName)
Amina,NOUN,HAS_GROUP(FemaleGender),HAS_GROUP(FirstName)
Amir,NOUN,HAS_GROUP(MaleGender),HAS_GROUP(FirstName)
Amit,NOUN,HAS_GROUP(MaleGender),HAS_GROUP(FirstName)
Amy,NOUN,HAS_GROUP(FemaleGender),HAS_GROUP(FirstName)
Ana,NOUN,HAS_GROUP(FemaleGender),HAS_GROUP(FirstName)
Andrea,NOUN,HAS_GROUP(FemaleGender),HAS_GROUP(FirstName)
Andreas,NOUN,HAS_GROUP(MaleGender),HAS_GROUP(FirstName)
Andrew,NOUN,HAS_GROUP(MaleGender),HAS_GROUP(FirstName)
Andrzej,NOUN,HAS_GROUP(MaleGender),HAS_GROUP(FirstName)
Andy,NOUN,HAS_GROUP(MaleGender),HAS_GROUP(FirstName)
Aneta,NOUN,HAS_GROUP(FemaleGender),HAS_GROUP(FirstName)
Angel,NOUN,HAS_GROUP(FemaleGender),HAS_GROUP(FirstName)
Angela,NOUN,HAS_GROUP(FemaleGender),HAS_GROUP(FirstName)
Angelika,NOUN,HAS_GROUP(FemaleGender),HAS_GROUP(FirstName)
Angie,NOUN,HAS_GROUP(FemaleGender),HAS_GROUP(FirstName)
Angus,NOUN,HAS_GROUP(MaleGender),HAS_GROUP(FirstName)
Ania,NOUN,HAS_GROUP(FemaleGender),HAS_GROUP(FirstName)
Anil,NOUN,HAS_GROUP(MaleGender),HAS_GROUP(FirstName)
Anita,NOUN,HAS_GROUP(FemaleGender),HAS_GROUP(FirstName)
Ankit,NOUN,HAS_GROUP(MaleGender),HAS_GROUP(FirstName)
Ann,NOUN,HAS_GROUP(FemaleGender),HAS_GROUP(FirstName)
Anna,NOUN,HAS_GROUP(FemaleGender),HAS_GROUP(FirstName)
Annabel,NOUN,HAS_GROUP(FemaleGender),HAS_GROUP(FirstName)
Annabelle,NOUN,HAS_GROUP(FemaleGender),HAS_GROUP(FirstName)
Anne,NOUN,HAS_GROUP(FemaleGender),HAS_GROUP(FirstName)
Annette,NOUN,HAS_GROUP(FemaleGender),HAS_GROUP(FirstName)
Annie,NOUN,HAS_GROUP(FemaleGender),HAS_GROUP(FirstName)
Annmarie,NOUN,HAS_GROUP(FemaleGender),HAS_GROUP(FirstName)
Anthony,NOUN,HAS_GROUP(MaleGender),HAS_GROUP(FirstName)
Anton,NOUN,HAS_GROUP(MaleGender),HAS_GROUP(FirstName)
Antonia,NOUN,HAS_GROUP(FemaleGender),HAS_GROUP(FirstName)
Antonio,NOUN,HAS_GROUP(MaleGender),HAS_GROUP(FirstName)
Antony,NOUN,HAS_GROUP(MaleGender),HAS_GROUP(FirstName)
April,NOUN,HAS_GROUP(FemaleGender),HAS_GROUP(FirstName)
Archie,NOUN,HAS_GROUP(MaleGender),HAS_GROUP(FirstName)
Arran,NOUN,HAS_GROUP(MaleGender),HAS_GROUP(FirstName)
Arron,NOUN,HAS_GROUP(MaleGender),HAS_GROUP(FirstName)
Arthur,NOUN,HAS_GROUP(MaleGender),HAS_GROUP(FirstName)
Artur,NOUN,HAS_GROUP(MaleGender),HAS_GROUP(FirstName)
Ash,NOUN,HAS_GROUP(MaleGender),HAS_GROUP(FirstName)
Ashleigh,NOUN,HAS_GROUP(FemaleGender),HAS_GROUP(FirstName)
Ashley,NOUN,HAS_GROUP(MaleGender),HAS_GROUP(FirstName)
Ashok,NOUN,HAS_GROUP(MaleGender),HAS_GROUP(FirstName)
Ashton,NOUN,HAS_GROUP(MaleGender),HAS_GROUP(FirstName)
Asif,NOUN,HAS_GROUP(MaleGender),HAS_GROUP(FirstName)
Audrey,NOUN,HAS_GROUP(FemaleGender),HAS_GROUP(FirstName)
Bailey,NOUN,HAS_GROUP(MaleGender),HAS_GROUP(FirstName)
Barbara,NOUN,HAS_GROUP(FemaleGender),HAS_GROUP(FirstName)
Barrie,NOUN,HAS_GROUP(MaleGender),HAS_GROUP(FirstName)
Barry,NOUN,HAS_GROUP(MaleGender),HAS_GROUP(FirstName)
Beata,NOUN,HAS_GROUP(FemaleGender),HAS_GROUP(FirstName)
Becca,NOUN,HAS_GROUP(FemaleGender),HAS_GROUP(FirstName)
Beccy,NOUN,HAS_GROUP(FemaleGender),HAS_GROUP(FirstName)
Becki,NOUN,HAS_GROUP(FemaleGender),HAS_GROUP(FirstName)
Beckie,NOUN,HAS_GROUP(FemaleGender),HAS_GROUP(FirstName)
Becky,NOUN,HAS_GROUP(FemaleGender),HAS_GROUP(FirstName)
Bella,NOUN,HAS_GROUP(FemaleGender),HAS_GROUP(FirstName)
Ben,NOUN,HAS_GROUP(MaleGender),HAS_GROUP(FirstName)
Benedict,NOUN,HAS_GROUP(MaleGender),HAS_GROUP(FirstName)
Benjamin,NOUN,HAS_GROUP(MaleGender),HAS_GROUP(FirstName)
Benn,NOUN,HAS_GROUP(MaleGender),HAS_GROUP(FirstName)
Bernadette,NOUN,HAS_GROUP(FemaleGender),HAS_GROUP(FirstName)
Bernard,NOUN,HAS_GROUP(MaleGender),HAS_GROUP(FirstName)
Bernie,NOUN,HAS_GROUP(FemaleGender),HAS_GROUP(FirstName)
Beryl,NOUN,HAS_GROUP(FemaleGender),HAS_GROUP(FirstName)
Beth,NOUN,HAS_GROUP(FemaleGender),HAS_GROUP(FirstName)
Bethan,NOUN,HAS_GROUP(FemaleGender),HAS_GROUP(FirstName)
Bethany,NOUN,HAS_GROUP(FemaleGender),HAS_GROUP(FirstName)
Betty,NOUN,HAS_GROUP(FemaleGender),HAS_GROUP(FirstName)
Bev,NOUN,HAS_GROUP(FemaleGender),HAS_GROUP(FirstName)
Beverley,NOUN,HAS_GROUP(FemaleGender),HAS_GROUP(FirstName)
Bex,NOUN,HAS_GROUP(FemaleGender),HAS_GROUP(FirstName)
Bharat,NOUN,HAS_GROUP(MaleGender),HAS_GROUP(FirstName)
Bhavesh,NOUN,HAS_GROUP(MaleGender),HAS_GROUP(FirstName)
Bilal,NOUN,HAS_GROUP(MaleGender),HAS_GROUP(FirstName)
Bill,NOUN,HAS_GROUP(MaleGender),HAS_GROUP(FirstName)
Billy,NOUN,HAS_GROUP(MaleGender),HAS_GROUP(FirstName)
Bob,NOUN,HAS_GROUP(MaleGender),HAS_GROUP(FirstName)
Bobby,NOUN,HAS_GROUP(MaleGender),HAS_GROUP(FirstName)
Bonnie,NOUN,HAS_GROUP(FemaleGender),HAS_GROUP(FirstName)
Brad,NOUN,HAS_GROUP(MaleGender),HAS_GROUP(FirstName)
Bradley,NOUN,HAS_GROUP(MaleGender),HAS_GROUP(FirstName)
Brandon,NOUN,HAS_GROUP(MaleGender),HAS_GROUP(FirstName)
Brenda,NOUN,HAS_GROUP(FemaleGender),HAS_GROUP(FirstName)
Brendan,NOUN,HAS_GROUP(MaleGender),HAS_GROUP(FirstName)
Brett,NOUN,HAS_GROUP(MaleGender),HAS_GROUP(FirstName)
Brian,NOUN,HAS_GROUP(MaleGender),HAS_GROUP(FirstName)
Bridget,NOUN,HAS_GROUP(FemaleGender),HAS_GROUP(FirstName)
Bridie,NOUN,HAS_GROUP(FemaleGender),HAS_GROUP(FirstName)
Brogan,NOUN,HAS_GROUP(FemaleGender),HAS_GROUP(FirstName)
Brooke,NOUN,HAS_GROUP(FemaleGender),HAS_GROUP(FirstName)
Bruce,NOUN,HAS_GROUP(MaleGender),HAS_GROUP(FirstName)
Bruno,NOUN,HAS_GROUP(MaleGender),HAS_GROUP(FirstName)
Bryan,NOUN,HAS_GROUP(MaleGender),HAS_GROUP(FirstName)
Bryony,NOUN,HAS_GROUP(FemaleGender),HAS_GROUP(FirstName)
Caitlin,NOUN,HAS_GROUP(FemaleGender),HAS_GROUP(FirstName)
Caleb,NOUN,HAS_GROUP(MaleGender),HAS_GROUP(FirstName)
Callum,NOUN,HAS_GROUP(MaleGender),HAS_GROUP(FirstName)
Calum,NOUN,HAS_GROUP(MaleGender),HAS_GROUP(FirstName)
Calvin,NOUN,HAS_GROUP(MaleGender),HAS_GROUP(FirstName)
Cameron,NOUN,HAS_GROUP(MaleGender),HAS_GROUP(FirstName)
Cara,NOUN,HAS_GROUP(FemaleGender),HAS_GROUP(FirstName)
Carina,NOUN,HAS_GROUP(FemaleGender),HAS_GROUP(FirstName)
Carl,NOUN,HAS_GROUP(MaleGender),HAS_GROUP(FirstName)
Carla,NOUN,HAS_GROUP(FemaleGender),HAS_GROUP(FirstName)
Carlos,NOUN,HAS_GROUP(MaleGender),HAS_GROUP(FirstName)
Carly,NOUN,HAS_GROUP(FemaleGender),HAS_GROUP(FirstName)
Carmen,NOUN,HAS_GROUP(FemaleGender),HAS_GROUP(FirstName)
Carol,NOUN,HAS_GROUP(FemaleGender),HAS_GROUP(FirstName)
Carole,NOUN,HAS_GROUP(FemaleGender),HAS_GROUP(FirstName)
Caroline,NOUN,HAS_GROUP(FemaleGender),HAS_GROUP(FirstName)
Carolyn,NOUN,HAS_GROUP(FemaleGender),HAS_GROUP(FirstName)
Carrie,NOUN,HAS_GROUP(FemaleGender),HAS_GROUP(FirstName)
Casey,NOUN,HAS_GROUP(FemaleGender),HAS_GROUP(FirstName)
Cassie,NOUN,HAS_GROUP(FemaleGender),HAS_GROUP(FirstName)
Cat,NOUN,HAS_GROUP(FemaleGender),HAS_GROUP(FirstName)
Cath,NOUN,HAS_GROUP(FemaleGender),HAS_GROUP(FirstName)
Catherine,NOUN,HAS_GROUP(FemaleGender),HAS_GROUP(FirstName)
Cathy,NOUN,HAS_GROUP(FemaleGender),HAS_GROUP(FirstName)
Ceri,NOUN,HAS_GROUP(FemaleGender),HAS_GROUP(FirstName)
Chad,NOUN,HAS_GROUP(MaleGender),HAS_GROUP(FirstName)
Chantelle,NOUN,HAS_GROUP(FemaleGender),HAS_GROUP(FirstName)
Charlene,NOUN,HAS_GROUP(FemaleGender),HAS_GROUP(FirstName)
Charles,NOUN,HAS_GROUP(MaleGender),HAS_GROUP(FirstName)
Charley,NOUN,HAS_GROUP(FemaleGender),HAS_GROUP(FirstName)
Charlie,NOUN,HAS_GROUP(FemaleGender),HAS_GROUP(FirstName)
Charlotte,NOUN,HAS_GROUP(FemaleGender),HAS_GROUP(FirstName)
Charmaine,NOUN,HAS_GROUP(FemaleGender),HAS_GROUP(FirstName)
Chelsea,NOUN,HAS_GROUP(FemaleGender),HAS_GROUP(FirstName)
Chen,NOUN,HAS_GROUP(FemaleGender),HAS_GROUP(FirstName)
Cheryl,NOUN,HAS_GROUP(FemaleGender),HAS_GROUP(FirstName)
Chetan,NOUN,HAS_GROUP(MaleGender),HAS_GROUP(FirstName)
Chirag,NOUN,HAS_GROUP(MaleGender),HAS_GROUP(FirstName)
Chloe,NOUN,HAS_GROUP(FemaleGender),HAS_GROUP(FirstName)
Chris,NOUN,HAS_GROUP(MaleGender),HAS_GROUP(FirstName)
Chrissie,NOUN,HAS_GROUP(FemaleGender),HAS_GROUP(FirstName)
Chrissy,NOUN,HAS_GROUP(FemaleGender),HAS_GROUP(FirstName)
Christian,NOUN,HAS_GROUP(MaleGender),HAS_GROUP(FirstName)
Christina,NOUN,HAS_GROUP(FemaleGender),HAS_GROUP(FirstName)
Christine,NOUN,HAS_GROUP(FemaleGender),HAS_GROUP(FirstName)
Christopher,NOUN,HAS_GROUP(MaleGender),HAS_GROUP(FirstName)
Christy,NOUN,HAS_GROUP(FemaleGender),NOUN,HAS_GROUP(FirstName)
Ciara,HAS_GROUP(FirstName)
Ciaran,NOUN,HAS_GROUP(MaleGender),HAS_GROUP(FirstName)
Cindy,NOUN,HAS_GROUP(FemaleGender),HAS_GROUP(FirstName)
Clair,NOUN,HAS_GROUP(MaleGender),HAS_GROUP(FirstName)
Claire,NOUN,HAS_GROUP(FemaleGender),HAS_GROUP(FirstName)
Clare,NOUN,HAS_GROUP(FemaleGender),HAS_GROUP(FirstName)
Claudia,NOUN,HAS_GROUP(FemaleGender),HAS_GROUP(FirstName)
Clive,NOUN,HAS_GROUP(MaleGender),HAS_GROUP(FirstName)
Cody,NOUN,HAS_GROUP(FemaleGender),HAS_GROUP(FirstName)
Colette,NOUN,HAS_GROUP(FemaleGender),HAS_GROUP(FirstName)
Colin,NOUN,HAS_GROUP(MaleGender),HAS_GROUP(FirstName)
Colleen,NOUN,HAS_GROUP(FemaleGender),HAS_GROUP(FirstName)
Conner,NOUN,HAS_GROUP(MaleGender),HAS_GROUP(FirstName)
Connie,NOUN,HAS_GROUP(FemaleGender),HAS_GROUP(FirstName)
Connor,NOUN,HAS_GROUP(MaleGender),HAS_GROUP(FirstName)
Conor,NOUN,HAS_GROUP(MaleGender),HAS_GROUP(FirstName)
Corey,NOUN,HAS_GROUP(MaleGender),HAS_GROUP(FirstName)
Courtney,NOUN,HAS_GROUP(FemaleGender),HAS_GROUP(FirstName)
Craig,NOUN,HAS_GROUP(MaleGender),HAS_GROUP(FirstName)
Cristina,NOUN,HAS_GROUP(FemaleGender),HAS_GROUP(FirstName)
Curtis,NOUN,HAS_GROUP(MaleGender),HAS_GROUP(FirstName)
Cynthia,NOUN,HAS_GROUP(FemaleGender),HAS_GROUP(FirstName)
Daisy,NOUN,HAS_GROUP(FemaleGender),HAS_GROUP(FirstName)
Dale,NOUN,HAS_GROUP(MaleGender),HAS_GROUP(FirstName)
Damian,NOUN,HAS_GROUP(MaleGender),HAS_GROUP(FirstName)
Damien,NOUN,HAS_GROUP(MaleGender),HAS_GROUP(FirstName)
Damon,NOUN,HAS_GROUP(MaleGender),HAS_GROUP(FirstName)
Dan,NOUN,HAS_GROUP(MaleGender),HAS_GROUP(FirstName)
Dana,NOUN,HAS_GROUP(FemaleGender),HAS_GROUP(FirstName)
Dane,NOUN,HAS_GROUP(MaleGender),HAS_GROUP(FirstName)
Dani,NOUN,HAS_GROUP(FemaleGender),HAS_GROUP(FirstName)
Daniel,NOUN,HAS_GROUP(MaleGender),HAS_GROUP(FirstName)
Daniela,NOUN,HAS_GROUP(FemaleGender),HAS_GROUP(FirstName)
Danielle,NOUN,HAS_GROUP(FemaleGender),NOUN,HAS_GROUP(FirstName)
Danni,HAS_GROUP(FirstName)
Danny,NOUN,HAS_GROUP(MaleGender),HAS_GROUP(FirstName)
Darren,NOUN,HAS_GROUP(MaleGender),HAS_GROUP(FirstName)
Darryl,NOUN,HAS_GROUP(MaleGender),HAS_GROUP(FirstName)
Daryl,NOUN,HAS_GROUP(MaleGender),HAS_GROUP(FirstName)
Dave,NOUN,HAS_GROUP(MaleGender),HAS_GROUP(FirstName)
David,NOUN,HAS_GROUP(MaleGender),HAS_GROUP(FirstName)
Dawid,NOUN,HAS_GROUP(MaleGender),HAS_GROUP(FirstName)
Dawn,NOUN,HAS_GROUP(FemaleGender),HAS_GROUP(FirstName)
Daz,NOUN,HAS_GROUP(MaleGender),HAS_GROUP(FirstName)
Dean,NOUN,HAS_GROUP(MaleGender),HAS_GROUP(FirstName)
Deb,NOUN,HAS_GROUP(FemaleGender),HAS_GROUP(FirstName)
Debbie,NOUN,HAS_GROUP(FemaleGender),HAS_GROUP(FirstName)
Deborah,NOUN,HAS_GROUP(FemaleGender),HAS_GROUP(FirstName)
Debra,NOUN,HAS_GROUP(FemaleGender),HAS_GROUP(FirstName)
Declan,NOUN,HAS_GROUP(MaleGender),HAS_GROUP(FirstName)
Dee,NOUN,HAS_GROUP(FemaleGender),HAS_GROUP(FirstName)
Demi,NOUN,HAS_GROUP(FemaleGender),HAS_GROUP(FirstName)
Denis,NOUN,HAS_GROUP(MaleGender),HAS_GROUP(FirstName)
Denise,NOUN,HAS_GROUP(FemaleGender),HAS_GROUP(FirstName)
Dennis,NOUN,HAS_GROUP(MaleGender),HAS_GROUP(FirstName)
Derek,NOUN,HAS_GROUP(MaleGender),HAS_GROUP(FirstName)
Derrick,NOUN,HAS_GROUP(MaleGender),HAS_GROUP(FirstName)
Dhaval,NOUN,HAS_GROUP(MaleGender),HAS_GROUP(FirstName)
Diana,NOUN,HAS_GROUP(FemaleGender),HAS_GROUP(FirstName)
Diane,NOUN,HAS_GROUP(FemaleGender),HAS_GROUP(FirstName)
Dianne,NOUN,HAS_GROUP(FemaleGender),HAS_GROUP(FirstName)
Dillon,NOUN,HAS_GROUP(MaleGender),HAS_GROUP(FirstName)
Dinesh,NOUN,HAS_GROUP(MaleGender),HAS_GROUP(FirstName)
Dionne,NOUN,HAS_GROUP(FemaleGender),HAS_GROUP(FirstName)
Dom,NOUN,HAS_GROUP(FemaleGender),HAS_GROUP(FirstName)
Dominic,NOUN,HAS_GROUP(MaleGender),HAS_GROUP(FirstName)
Don,NOUN,HAS_GROUP(MaleGender),HAS_GROUP(FirstName)
Donald,NOUN,HAS_GROUP(MaleGender),HAS_GROUP(FirstName)
Donna,NOUN,HAS_GROUP(FemaleGender),HAS_GROUP(FirstName)
Doreen,NOUN,HAS_GROUP(FemaleGender),HAS_GROUP(FirstName)
Doris,NOUN,HAS_GROUP(FemaleGender),HAS_GROUP(FirstName)
Dorota,NOUN,HAS_GROUP(FemaleGender),HAS_GROUP(FirstName)
Dorothy,NOUN,HAS_GROUP(FemaleGender),HAS_GROUP(FirstName)
Dot,NOUN,HAS_GROUP(FemaleGender),HAS_GROUP(FirstName)
Doug,NOUN,HAS_GROUP(MaleGender),HAS_GROUP(FirstName)
Dougie,NOUN,HAS_GROUP(MaleGender),HAS_GROUP(FirstName)
Douglas,NOUN,HAS_GROUP(MaleGender),HAS_GROUP(FirstName)
Drew,NOUN,HAS_GROUP(MaleGender),HAS_GROUP(FirstName)
Duane,NOUN,HAS_GROUP(MaleGender),HAS_GROUP(FirstName)
Duncan,NOUN,HAS_GROUP(MaleGender),HAS_GROUP(FirstName)
Dylan,NOUN,HAS_GROUP(MaleGender),HAS_GROUP(FirstName)
Ebony,NOUN,HAS_GROUP(FemaleGender),HAS_GROUP(FirstName)
Ed,NOUN,HAS_GROUP(MaleGender),HAS_GROUP(FirstName)
Edd,NOUN,HAS_GROUP(MaleGender),HAS_GROUP(FirstName)
Eddie,NOUN,HAS_GROUP(MaleGender),HAS_GROUP(FirstName)
Eddy,NOUN,HAS_GROUP(MaleGender),HAS_GROUP(FirstName)
Eduardo,NOUN,HAS_GROUP(MaleGender),HAS_GROUP(FirstName)
Edward,NOUN,HAS_GROUP(MaleGender),HAS_GROUP(FirstName)
Eileen,NOUN,HAS_GROUP(FemaleGender),HAS_GROUP(FirstName)
Elaine,NOUN,HAS_GROUP(FemaleGender),HAS_GROUP(FirstName)
Eleanor,NOUN,HAS_GROUP(FemaleGender),HAS_GROUP(FirstName)
Elena,NOUN,HAS_GROUP(FemaleGender),HAS_GROUP(FirstName)
Elise,NOUN,HAS_GROUP(FemaleGender),HAS_GROUP(FirstName)
Eliza,NOUN,HAS_GROUP(FemaleGender),HAS_GROUP(FirstName)
Elizabeth,NOUN,HAS_GROUP(FemaleGender),HAS_GROUP(FirstName)
Ella,NOUN,HAS_GROUP(FemaleGender),HAS_GROUP(FirstName)
Elle,NOUN,HAS_GROUP(FemaleGender),HAS_GROUP(FirstName)
Ellen,NOUN,HAS_GROUP(FemaleGender),HAS_GROUP(FirstName)
Ellie,NOUN,HAS_GROUP(FemaleGender),HAS_GROUP(FirstName)
Elliot,NOUN,HAS_GROUP(MaleGender),HAS_GROUP(FirstName)
Elliott,NOUN,HAS_GROUP(MaleGender),HAS_GROUP(FirstName)
Ellis,NOUN,HAS_GROUP(FemaleGender),HAS_GROUP(FirstName)
Eloise,NOUN,HAS_GROUP(FemaleGender),HAS_GROUP(FirstName)
Em,NOUN,HAS_GROUP(FemaleGender),HAS_GROUP(FirstName)
Emily,NOUN,HAS_GROUP(FemaleGender),HAS_GROUP(FirstName)
Emma,NOUN,HAS_GROUP(FemaleGender),HAS_GROUP(FirstName)
Eric,NOUN,HAS_GROUP(MaleGender),HAS_GROUP(FirstName)
Erica,NOUN,HAS_GROUP(FemaleGender),HAS_GROUP(FirstName)
Erika,NOUN,HAS_GROUP(FemaleGender),HAS_GROUP(FirstName)
Erin,NOUN,HAS_GROUP(FemaleGender),HAS_GROUP(FirstName)
Esther,NOUN,HAS_GROUP(FemaleGender),HAS_GROUP(FirstName)
Ethan,NOUN,HAS_GROUP(MaleGender),HAS_GROUP(FirstName)
Euan,NOUN,HAS_GROUP(MaleGender),HAS_GROUP(FirstName)
Eva,NOUN,HAS_GROUP(FemaleGender),HAS_GROUP(FirstName)
Evan,NOUN,HAS_GROUP(MaleGender),HAS_GROUP(FirstName)
Eve,NOUN,HAS_GROUP(FemaleGender),HAS_GROUP(FirstName)
Evelyn,NOUN,HAS_GROUP(FemaleGender),HAS_GROUP(FirstName)
Evie,NOUN,HAS_GROUP(FemaleGender),HAS_GROUP(FirstName)
Ewa,NOUN,HAS_GROUP(FemaleGender),HAS_GROUP(FirstName)
Ewan,NOUN,HAS_GROUP(MaleGender),HAS_GROUP(FirstName)
Ewelina,NOUN,HAS_GROUP(FemaleGender),HAS_GROUP(FirstName)
Faith,NOUN,HAS_GROUP(FemaleGender),HAS_GROUP(FirstName)
Farzana,NOUN,HAS_GROUP(FemaleGender),HAS_GROUP(FirstName)
Fatima,NOUN,HAS_GROUP(FemaleGender),HAS_GROUP(FirstName)
Fay,NOUN,HAS_GROUP(FemaleGender),HAS_GROUP(FirstName)
Faye,NOUN,HAS_GROUP(FemaleGender),HAS_GROUP(FirstName)
Felicity,NOUN,HAS_GROUP(FemaleGender),HAS_GROUP(FirstName)
Fernando,NOUN,HAS_GROUP(MaleGender),HAS_GROUP(FirstName)
Finlay,NOUN,HAS_GROUP(MaleGender),HAS_GROUP(FirstName)
Fiona,NOUN,HAS_GROUP(FemaleGender),HAS_GROUP(FirstName)
Flora,NOUN,HAS_GROUP(FemaleGender),HAS_GROUP(FirstName)
Florence,NOUN,HAS_GROUP(FemaleGender),HAS_GROUP(FirstName)
Fran,NOUN,HAS_GROUP(FemaleGender),HAS_GROUP(FirstName)
Frances,NOUN,HAS_GROUP(FemaleGender),HAS_GROUP(FirstName)
Francesca,NOUN,HAS_GROUP(FemaleGender),HAS_GROUP(FirstName)
Francis,NOUN,HAS_GROUP(MaleGender),HAS_GROUP(FirstName)
Frank,NOUN,HAS_GROUP(MaleGender),HAS_GROUP(FirstName)
Frankie,NOUN,HAS_GROUP(FemaleGender),HAS_GROUP(FirstName)
Fraser,NOUN,HAS_GROUP(MaleGender),HAS_GROUP(FirstName)
Frazer,NOUN,HAS_GROUP(MaleGender),HAS_GROUP(FirstName)
Fred,NOUN,HAS_GROUP(MaleGender),HAS_GROUP(FirstName)
Freddie,NOUN,HAS_GROUP(MaleGender),HAS_GROUP(FirstName)
Freya,NOUN,HAS_GROUP(FemaleGender),HAS_GROUP(FirstName)
Gabriel,NOUN,HAS_GROUP(MaleGender),HAS_GROUP(FirstName)
Gail,NOUN,HAS_GROUP(FemaleGender),HAS_GROUP(FirstName)
Gareth,NOUN,HAS_GROUP(MaleGender),HAS_GROUP(FirstName)
Garry,NOUN,HAS_GROUP(MaleGender),HAS_GROUP(FirstName)
Gary,NOUN,HAS_GROUP(MaleGender),HAS_GROUP(FirstName)
Gav,NOUN,HAS_GROUP(MaleGender),HAS_GROUP(FirstName)
Gavin,NOUN,HAS_GROUP(MaleGender),HAS_GROUP(FirstName)
Gaynor,NOUN,HAS_GROUP(FemaleGender),HAS_GROUP(FirstName)
Gaz,NOUN,HAS_GROUP(MaleGender),HAS_GROUP(FirstName)
Gemma,NOUN,HAS_GROUP(FemaleGender),HAS_GROUP(FirstName)
Geoff,NOUN,HAS_GROUP(MaleGender),HAS_GROUP(FirstName)
Geoffrey,NOUN,HAS_GROUP(MaleGender),HAS_GROUP(FirstName)
George,NOUN,HAS_GROUP(MaleGender),HAS_GROUP(FirstName)
Georgia,NOUN,HAS_GROUP(FemaleGender),HAS_GROUP(FirstName)
Georgie,NOUN,HAS_GROUP(FemaleGender),HAS_GROUP(FirstName)
Georgina,NOUN,HAS_GROUP(FemaleGender),HAS_GROUP(FirstName)
Geraint,NOUN,HAS_GROUP(MaleGender),HAS_GROUP(FirstName)
Gerald,NOUN,HAS_GROUP(MaleGender),HAS_GROUP(FirstName)
Geraldine,NOUN,HAS_GROUP(FemaleGender),HAS_GROUP(FirstName)
Gerard,NOUN,HAS_GROUP(MaleGender),HAS_GROUP(FirstName)
Gerry,NOUN,HAS_GROUP(MaleGender),HAS_GROUP(FirstName)
Gill,NOUN,HAS_GROUP(FemaleGender),HAS_GROUP(FirstName)
Gillian,NOUN,HAS_GROUP(FemaleGender),HAS_GROUP(FirstName)
Gina,NOUN,HAS_GROUP(FemaleGender),HAS_GROUP(FirstName)
Glen,NOUN,HAS_GROUP(MaleGender),HAS_GROUP(FirstName)
Glenn,NOUN,HAS_GROUP(MaleGender),HAS_GROUP(FirstName)
Gloria,NOUN,HAS_GROUP(FemaleGender),HAS_GROUP(FirstName)
Glyn,NOUN,HAS_GROUP(MaleGender),HAS_GROUP(FirstName)
Glynis,NOUN,HAS_GROUP(FemaleGender),HAS_GROUP(FirstName)
Gordon,NOUN,HAS_GROUP(MaleGender),HAS_GROUP(FirstName)
Grace,NOUN,HAS_GROUP(FemaleGender),HAS_GROUP(FirstName)
Graeme,NOUN,HAS_GROUP(MaleGender),HAS_GROUP(FirstName)
Graham,NOUN,HAS_GROUP(MaleGender),HAS_GROUP(FirstName)
Grant,NOUN,HAS_GROUP(MaleGender),HAS_GROUP(FirstName)
Greg,NOUN,HAS_GROUP(MaleGender),HAS_GROUP(FirstName)
Gregg,NOUN,HAS_GROUP(MaleGender),HAS_GROUP(FirstName)
Grzegorz,NOUN,HAS_GROUP(MaleGender),HAS_GROUP(FirstName)
Guy,NOUN,HAS_GROUP(MaleGender),HAS_GROUP(FirstName)
Gwen,NOUN,HAS_GROUP(FemaleGender),HAS_GROUP(FirstName)
Hamza,NOUN,HAS_GROUP(MaleGender),HAS_GROUP(FirstName)
Hanna,NOUN,HAS_GROUP(FemaleGender),HAS_GROUP(FirstName)
Hannah,NOUN,HAS_GROUP(FemaleGender),HAS_GROUP(FirstName)
Hardik,NOUN,HAS_GROUP(MaleGender),HAS_GROUP(FirstName)
Harley,NOUN,HAS_GROUP(MaleGender),HAS_GROUP(FirstName)
Haroon,NOUN,HAS_GROUP(MaleGender),HAS_GROUP(FirstName)
Harriet,NOUN,HAS_GROUP(FemaleGender),HAS_GROUP(FirstName)
Harrison,NOUN,HAS_GROUP(MaleGender),HAS_GROUP(FirstName)
Harry,NOUN,HAS_GROUP(MaleGender),HAS_GROUP(FirstName)
Harvey,NOUN,HAS_GROUP(MaleGender),HAS_GROUP(FirstName)
Hassan,NOUN,HAS_GROUP(MaleGender),HAS_GROUP(FirstName)
Hayden,NOUN,HAS_GROUP(MaleGender),HAS_GROUP(FirstName)
Haydn,NOUN,HAS_GROUP(MaleGender),HAS_GROUP(FirstName)
Hayley,NOUN,HAS_GROUP(FemaleGender),HAS_GROUP(FirstName)
Hazel,NOUN,HAS_GROUP(FemaleGender),HAS_GROUP(FirstName)
Heather,NOUN,HAS_GROUP(FemaleGender),HAS_GROUP(FirstName)
Heidi,NOUN,HAS_GROUP(FemaleGender),HAS_GROUP(FirstName)
Helen,NOUN,HAS_GROUP(FemaleGender),HAS_GROUP(FirstName)
Helena,NOUN,HAS_GROUP(FemaleGender),HAS_GROUP(FirstName)
Henry,NOUN,HAS_GROUP(MaleGender),HAS_GROUP(FirstName)
Hilary,NOUN,HAS_GROUP(FemaleGender),HAS_GROUP(FirstName)
Hitesh,NOUN,HAS_GROUP(MaleGender),HAS_GROUP(FirstName)
Hollie,NOUN,HAS_GROUP(FemaleGender),HAS_GROUP(FirstName)
Holly,NOUN,HAS_GROUP(FemaleGender),HAS_GROUP(FirstName)
Howard,NOUN,HAS_GROUP(MaleGender),HAS_GROUP(FirstName)
Hugh,NOUN,HAS_GROUP(MaleGender),HAS_GROUP(FirstName)
Hugo,NOUN,HAS_GROUP(MaleGender),NOUN,HAS_GROUP(FirstName)
Huw,HAS_GROUP(FirstName)
Iain,NOUN,HAS_GROUP(MaleGender),HAS_GROUP(FirstName)
Ian,NOUN,HAS_GROUP(MaleGender),HAS_GROUP(FirstName)
Imogen,NOUN,HAS_GROUP(FemaleGender),HAS_GROUP(FirstName)
Imran,NOUN,HAS_GROUP(MaleGender),HAS_GROUP(FirstName)
Irene,NOUN,HAS_GROUP(FemaleGender),HAS_GROUP(FirstName)
Isaac,NOUN,HAS_GROUP(MaleGender),HAS_GROUP(FirstName)
Isabel,NOUN,HAS_GROUP(FemaleGender),HAS_GROUP(FirstName)
Isabella,NOUN,HAS_GROUP(FemaleGender),HAS_GROUP(FirstName)
Isabelle,NOUN,HAS_GROUP(FemaleGender),HAS_GROUP(FirstName)
Ismail,NOUN,HAS_GROUP(MaleGender),HAS_GROUP(FirstName)
Ivan,NOUN,HAS_GROUP(MaleGender),HAS_GROUP(FirstName)
Iwona,NOUN,HAS_GROUP(FemaleGender),HAS_GROUP(FirstName)
Izzy,NOUN,HAS_GROUP(FemaleGender),HAS_GROUP(FirstName)
Jacek,NOUN,HAS_GROUP(MaleGender),HAS_GROUP(FirstName)
Jack,NOUN,HAS_GROUP(MaleGender),HAS_GROUP(FirstName)
Jackie,NOUN,HAS_GROUP(FemaleGender),HAS_GROUP(FirstName)
Jacob,NOUN,HAS_GROUP(MaleGender),HAS_GROUP(FirstName)
Jacqueline,NOUN,HAS_GROUP(FemaleGender),HAS_GROUP(FirstName)
Jacqui,NOUN,HAS_GROUP(FemaleGender),HAS_GROUP(FirstName)
Jade,NOUN,HAS_GROUP(FemaleGender),HAS_GROUP(FirstName)
Jagdish,NOUN,HAS_GROUP(MaleGender),HAS_GROUP(FirstName)
Jaime,NOUN,HAS_GROUP(FemaleGender),HAS_GROUP(FirstName)
Jake,NOUN,HAS_GROUP(MaleGender),HAS_GROUP(FirstName)
Jakub,NOUN,HAS_GROUP(MaleGender),HAS_GROUP(FirstName)
James,NOUN,HAS_GROUP(MaleGender),HAS_GROUP(FirstName)
Jamie,NOUN,HAS_GROUP(MaleGender),HAS_GROUP(FirstName)
Jan,NOUN,HAS_GROUP(MaleGender),HAS_GROUP(FirstName)
Jane,NOUN,HAS_GROUP(FemaleGender),HAS_GROUP(FirstName)
Janet,NOUN,HAS_GROUP(FemaleGender),HAS_GROUP(FirstName)
Janette,NOUN,HAS_GROUP(FemaleGender),HAS_GROUP(FirstName)
Janice,NOUN,HAS_GROUP(FemaleGender),HAS_GROUP(FirstName)
Janine,NOUN,HAS_GROUP(FemaleGender),HAS_GROUP(FirstName)
Janis,NOUN,HAS_GROUP(FemaleGender),HAS_GROUP(FirstName)
Janusz,NOUN,HAS_GROUP(MaleGender),HAS_GROUP(FirstName)
Jas,NOUN,HAS_GROUP(MaleGender),HAS_GROUP(FirstName)
Jasmine,NOUN,HAS_GROUP(FemaleGender),HAS_GROUP(FirstName)
Jason,NOUN,HAS_GROUP(MaleGender),HAS_GROUP(FirstName)
Javier,NOUN,HAS_GROUP(MaleGender),HAS_GROUP(FirstName)
Jay,NOUN,HAS_GROUP(MaleGender),HAS_GROUP(FirstName)
Jayesh,NOUN,HAS_GROUP(MaleGender),HAS_GROUP(FirstName)
Jayne,NOUN,HAS_GROUP(FemaleGender),HAS_GROUP(FirstName)
Jean,NOUN,HAS_GROUP(FemaleGender),HAS_GROUP(FirstName)
Jeanette,NOUN,HAS_GROUP(FemaleGender),HAS_GROUP(FirstName)
Jeff,NOUN,HAS_GROUP(MaleGender),HAS_GROUP(FirstName)
Jeffrey,NOUN,HAS_GROUP(MaleGender),HAS_GROUP(FirstName)
Jemma,NOUN,HAS_GROUP(FemaleGender),HAS_GROUP(FirstName)
Jen,NOUN,HAS_GROUP(FemaleGender),HAS_GROUP(FirstName)
Jenna,NOUN,HAS_GROUP(FemaleGender),HAS_GROUP(FirstName)
Jenni,NOUN,HAS_GROUP(FemaleGender),HAS_GROUP(FirstName)
Jennie,NOUN,HAS_GROUP(FemaleGender),HAS_GROUP(FirstName)
Jennifer,NOUN,HAS_GROUP(FemaleGender),HAS_GROUP(FirstName)
Jenny,NOUN,HAS_GROUP(FemaleGender),HAS_GROUP(FirstName)
Jeremy,NOUN,HAS_GROUP(MaleGender),HAS_GROUP(FirstName)
Jerry,NOUN,HAS_GROUP(MaleGender),HAS_GROUP(FirstName)
Jess,NOUN,HAS_GROUP(FemaleGender),HAS_GROUP(FirstName)
Jesse,NOUN,HAS_GROUP(MaleGender),HAS_GROUP(FirstName)
Jessica,NOUN,HAS_GROUP(FemaleGender),HAS_GROUP(FirstName)
Jessie,NOUN,HAS_GROUP(FemaleGender),HAS_GROUP(FirstName)
Jignesh,NOUN,HAS_GROUP(MaleGender),HAS_GROUP(FirstName)
Jill,NOUN,HAS_GROUP(FemaleGender),HAS_GROUP(FirstName)
Jim,NOUN,HAS_GROUP(MaleGender),HAS_GROUP(FirstName)
Jimmy,NOUN,HAS_GROUP(MaleGender),HAS_GROUP(FirstName)
Jo,NOUN,HAS_GROUP(FemaleGender),HAS_GROUP(FirstName)
Joan,NOUN,HAS_GROUP(FemaleGender),HAS_GROUP(FirstName)
Joanna,NOUN,HAS_GROUP(FemaleGender),HAS_GROUP(FirstName)
Joanne,NOUN,HAS_GROUP(FemaleGender),HAS_GROUP(FirstName)
Jodie,NOUN,HAS_GROUP(FemaleGender),HAS_GROUP(FirstName)
Jody,NOUN,HAS_GROUP(FemaleGender),HAS_GROUP(FirstName)
Joe,NOUN,HAS_GROUP(MaleGender),HAS_GROUP(FirstName)
Joel,NOUN,HAS_GROUP(MaleGender),HAS_GROUP(FirstName)
Joey,NOUN,HAS_GROUP(MaleGender),HAS_GROUP(FirstName)
John,NOUN,HAS_GROUP(MaleGender),HAS_GROUP(FirstName)
Johnny,NOUN,HAS_GROUP(MaleGender),HAS_GROUP(FirstName)
Jojo,NOUN,HAS_GROUP(FemaleGender),HAS_GROUP(FirstName)
Jon,NOUN,HAS_GROUP(MaleGender),HAS_GROUP(FirstName)
Jonathan,NOUN,HAS_GROUP(MaleGender),HAS_GROUP(FirstName)
Jonathon,NOUN,HAS_GROUP(MaleGender),HAS_GROUP(FirstName)
Jonny,NOUN,HAS_GROUP(MaleGender),HAS_GROUP(FirstName)
Jordan,NOUN,HAS_GROUP(MaleGender),NOUN,HAS_GROUP(FirstName)
Jordon,HAS_GROUP(FirstName)
Jorge,NOUN,HAS_GROUP(MaleGender),HAS_GROUP(FirstName)
Jose,NOUN,HAS_GROUP(MaleGender),HAS_GROUP(FirstName)
Joseph,NOUN,HAS_GROUP(MaleGender),HAS_GROUP(FirstName)
Josephine,NOUN,HAS_GROUP(FemaleGender),HAS_GROUP(FirstName)
Josh,NOUN,HAS_GROUP(MaleGender),HAS_GROUP(FirstName)
Joshua,NOUN,HAS_GROUP(MaleGender),HAS_GROUP(FirstName)
Josie,NOUN,HAS_GROUP(FemaleGender),HAS_GROUP(FirstName)
Joy,NOUN,HAS_GROUP(FemaleGender),HAS_GROUP(FirstName)
Joyce,NOUN,HAS_GROUP(FemaleGender),HAS_GROUP(FirstName)
Jude,NOUN,HAS_GROUP(MaleGender),HAS_GROUP(FirstName)
Judith,NOUN,HAS_GROUP(FemaleGender),HAS_GROUP(FirstName)
Judy,NOUN,HAS_GROUP(FemaleGender),HAS_GROUP(FirstName)
Jules,NOUN,HAS_GROUP(FemaleGender),HAS_GROUP(FirstName)
Julia,NOUN,HAS_GROUP(FemaleGender),HAS_GROUP(FirstName)
Julian,NOUN,HAS_GROUP(MaleGender),HAS_GROUP(FirstName)
Julie,NOUN,HAS_GROUP(FemaleGender),HAS_GROUP(FirstName)
Juliet,NOUN,HAS_GROUP(FemaleGender),HAS_GROUP(FirstName)
June,NOUN,HAS_GROUP(FemaleGender),HAS_GROUP(FirstName)
Justin,NOUN,HAS_GROUP(MaleGender),HAS_GROUP(FirstName)
Justine,NOUN,HAS_GROUP(MaleGender),HAS_GROUP(FirstName)
Justyna,NOUN,HAS_GROUP(FemaleGender),HAS_GROUP(FirstName)
Kai,NOUN,HAS_GROUP(MaleGender),HAS_GROUP(FirstName)
Kaitlin,NOUN,HAS_GROUP(FemaleGender),HAS_GROUP(FirstName)
Kamal,NOUN,HAS_GROUP(MaleGender),HAS_GROUP(FirstName)
Kamil,NOUN,HAS_GROUP(MaleGender),HAS_GROUP(FirstName)
Kane,NOUN,HAS_GROUP(MaleGender),HAS_GROUP(FirstName)
Kara,NOUN,HAS_GROUP(FemaleGender),HAS_GROUP(FirstName)
Karan,NOUN,HAS_GROUP(MaleGender),HAS_GROUP(FirstName)
Karen,NOUN,HAS_GROUP(FemaleGender),HAS_GROUP(FirstName)
Karina,NOUN,HAS_GROUP(FemaleGender),HAS_GROUP(FirstName)
Karl,NOUN,HAS_GROUP(MaleGender),HAS_GROUP(FirstName)
Karla,NOUN,HAS_GROUP(FemaleGender),HAS_GROUP(FirstName)
Karol,NOUN,HAS_GROUP(MaleGender),HAS_GROUP(FirstName)
Karolina,NOUN,HAS_GROUP(FemaleGender),HAS_GROUP(FirstName)
Kasia,NOUN,HAS_GROUP(FemaleGender),HAS_GROUP(FirstName)
Kat,NOUN,HAS_GROUP(FemaleGender),HAS_GROUP(FirstName)
Katarzyna,NOUN,HAS_GROUP(FemaleGender),HAS_GROUP(FirstName)
Kate,NOUN,HAS_GROUP(FemaleGender),HAS_GROUP(FirstName)
Kath,NOUN,HAS_GROUP(FemaleGender),HAS_GROUP(FirstName)
Katherine,NOUN,HAS_GROUP(FemaleGender),HAS_GROUP(FirstName)
Kathleen,NOUN,HAS_GROUP(FemaleGender),HAS_GROUP(FirstName)
Kathryn,NOUN,HAS_GROUP(FemaleGender),HAS_GROUP(FirstName)
Kathy,NOUN,HAS_GROUP(FemaleGender),HAS_GROUP(FirstName)
Katie,NOUN,HAS_GROUP(FemaleGender),HAS_GROUP(FirstName)
Katrina,NOUN,HAS_GROUP(FemaleGender),HAS_GROUP(FirstName)
Katy,NOUN,HAS_GROUP(FemaleGender),NOUN,HAS_GROUP(FirstName)
Kay,HAS_GROUP(FirstName)
Kayla,NOUN,HAS_GROUP(FemaleGender),HAS_GROUP(FirstName)
Kayleigh,NOUN,HAS_GROUP(FemaleGender),HAS_GROUP(FirstName)
Keeley,NOUN,HAS_GROUP(FemaleGender),HAS_GROUP(FirstName)
Keith,NOUN,HAS_GROUP(MaleGender),HAS_GROUP(FirstName)
Kellie,NOUN,HAS_GROUP(FemaleGender),HAS_GROUP(FirstName)
Kelly,NOUN,HAS_GROUP(FemaleGender),HAS_GROUP(FirstName)
Kelsey,NOUN,HAS_GROUP(FemaleGender),HAS_GROUP(FirstName)
Kelvin,NOUN,HAS_GROUP(MaleGender),HAS_GROUP(FirstName)
Ken,NOUN,HAS_GROUP(MaleGender),HAS_GROUP(FirstName)
Kenneth,NOUN,HAS_GROUP(MaleGender),HAS_GROUP(FirstName)
Kenny,NOUN,HAS_GROUP(MaleGender),HAS_GROUP(FirstName)
Kerri,NOUN,HAS_GROUP(FemaleGender),HAS_GROUP(FirstName)
Kerrie,NOUN,HAS_GROUP(FemaleGender),HAS_GROUP(FirstName)
Kerry,NOUN,HAS_GROUP(FemaleGender),HAS_GROUP(FirstName)
Ketan,NOUN,HAS_GROUP(MaleGender),HAS_GROUP(FirstName)
Kev,NOUN,HAS_GROUP(MaleGender),HAS_GROUP(FirstName)
Kevin,NOUN,HAS_GROUP(MaleGender),HAS_GROUP(FirstName)
Khalid,NOUN,HAS_GROUP(MaleGender),HAS_GROUP(FirstName)
Kian,NOUN,HAS_GROUP(MaleGender),HAS_GROUP(FirstName)
Kieran,NOUN,HAS_GROUP(MaleGender),HAS_GROUP(FirstName)
Kieron,NOUN,HAS_GROUP(MaleGender),NOUN,HAS_GROUP(FirstName)
Kim,HAS_GROUP(FirstName)
Kimberley,NOUN,HAS_GROUP(FemaleGender),HAS_GROUP(FirstName)
Kiran,NOUN,HAS_GROUP(FemaleGender),HAS_GROUP(FirstName)
Kirsten,NOUN,HAS_GROUP(FemaleGender),HAS_GROUP(FirstName)
Kirstie,NOUN,HAS_GROUP(FemaleGender),HAS_GROUP(FirstName)
Kirsty,NOUN,HAS_GROUP(FemaleGender),HAS_GROUP(FirstName)
Klaudia,NOUN,HAS_GROUP(FemaleGender),HAS_GROUP(FirstName)
Konrad,NOUN,HAS_GROUP(MaleGender),HAS_GROUP(FirstName)
Kris,NOUN,HAS_GROUP(MaleGender),HAS_GROUP(FirstName)
Krishna,NOUN,HAS_GROUP(FemaleGender),HAS_GROUP(FirstName)
Kristian,NOUN,HAS_GROUP(MaleGender),HAS_GROUP(FirstName)
Kristina,NOUN,HAS_GROUP(FemaleGender),HAS_GROUP(FirstName)
Krzysztof,NOUN,HAS_GROUP(MaleGender),HAS_GROUP(FirstName)
Kurt,NOUN,HAS_GROUP(MaleGender),HAS_GROUP(FirstName)
Kurtis,NOUN,HAS_GROUP(MaleGender),HAS_GROUP(FirstName)
Kyle,NOUN,HAS_GROUP(MaleGender),HAS_GROUP(FirstName)
Kylie,NOUN,HAS_GROUP(FemaleGender),HAS_GROUP(FirstName)
Lana,NOUN,HAS_GROUP(FemaleGender),HAS_GROUP(FirstName)
Lara,NOUN,HAS_GROUP(FemaleGender),HAS_GROUP(FirstName)
Laura,NOUN,HAS_GROUP(FemaleGender),HAS_GROUP(FirstName)
Lauren,NOUN,HAS_GROUP(FemaleGender),HAS_GROUP(FirstName)
Laurence,NOUN,HAS_GROUP(MaleGender),HAS_GROUP(FirstName)
Laurie,NOUN,HAS_GROUP(MaleGender),HAS_GROUP(FirstName)
Lawrence,NOUN,HAS_GROUP(MaleGender),HAS_GROUP(FirstName)
Layla,NOUN,HAS_GROUP(FemaleGender),HAS_GROUP(FirstName)
Lea,NOUN,HAS_GROUP(FemaleGender),HAS_GROUP(FirstName)
Leah,NOUN,HAS_GROUP(FemaleGender),HAS_GROUP(FirstName)
Leanne,NOUN,HAS_GROUP(FemaleGender),HAS_GROUP(FirstName)
Lee,NOUN,HAS_GROUP(MaleGender),HAS_GROUP(FirstName)
Leeanne,NOUN,HAS_GROUP(FemaleGender),HAS_GROUP(FirstName)
Leigh,NOUN,HAS_GROUP(MaleGender),HAS_GROUP(FirstName)
Leighton,NOUN,HAS_GROUP(MaleGender),HAS_GROUP(FirstName)
Leila,NOUN,HAS_GROUP(FemaleGender),HAS_GROUP(FirstName)
Leo,NOUN,HAS_GROUP(MaleGender),HAS_GROUP(FirstName)
Leon,NOUN,HAS_GROUP(MaleGender),HAS_GROUP(FirstName)
Les,NOUN,HAS_GROUP(MaleGender),HAS_GROUP(FirstName)
Lesley,NOUN,HAS_GROUP(FemaleGender),HAS_GROUP(FirstName)
Leslie,NOUN,HAS_GROUP(MaleGender),HAS_GROUP(FirstName)
Levi,NOUN,HAS_GROUP(MaleGender),HAS_GROUP(FirstName)
Lewis,NOUN,HAS_GROUP(MaleGender),HAS_GROUP(FirstName)
Li,NOUN,HAS_GROUP(FemaleGender),HAS_GROUP(FirstName)
Liam,NOUN,HAS_GROUP(MaleGender),HAS_GROUP(FirstName)
Lianne,NOUN,HAS_GROUP(FemaleGender),HAS_GROUP(FirstName)
Libby,NOUN,HAS_GROUP(FemaleGender),HAS_GROUP(FirstName)
Lilly,NOUN,HAS_GROUP(FemaleGender),HAS_GROUP(FirstName)
Lily,NOUN,HAS_GROUP(FemaleGender),HAS_GROUP(FirstName)
Lin,NOUN,HAS_GROUP(MaleGender),HAS_GROUP(FirstName)
Linda,NOUN,HAS_GROUP(FemaleGender),HAS_GROUP(FirstName)
Lindsay,NOUN,HAS_GROUP(FemaleGender),HAS_GROUP(FirstName)
Lindsey,NOUN,HAS_GROUP(FemaleGender),HAS_GROUP(FirstName)
Linzi,NOUN,HAS_GROUP(FemaleGender),HAS_GROUP(FirstName)
Lisa,NOUN,HAS_GROUP(FemaleGender),HAS_GROUP(FirstName)
Liv,NOUN,HAS_GROUP(FemaleGender),HAS_GROUP(FirstName)
Liz,NOUN,HAS_GROUP(FemaleGender),HAS_GROUP(FirstName)
Liza,NOUN,HAS_GROUP(FemaleGender),HAS_GROUP(FirstName)
Lizzie,NOUN,HAS_GROUP(FemaleGender),HAS_GROUP(FirstName)
Lizzy,NOUN,HAS_GROUP(FemaleGender),HAS_GROUP(FirstName)
Lloyd,NOUN,HAS_GROUP(MaleGender),HAS_GROUP(FirstName)
Logan,NOUN,HAS_GROUP(MaleGender),HAS_GROUP(FirstName)
Lois,NOUN,HAS_GROUP(FemaleGender),HAS_GROUP(FirstName)
Lola,NOUN,HAS_GROUP(FemaleGender),HAS_GROUP(FirstName)
Loren,NOUN,HAS_GROUP(FemaleGender),HAS_GROUP(FirstName)
Lorna,NOUN,HAS_GROUP(FemaleGender),HAS_GROUP(FirstName)
Lorraine,NOUN,HAS_GROUP(FemaleGender),HAS_GROUP(FirstName)
Lou,NOUN,HAS_GROUP(FemaleGender),HAS_GROUP(FirstName)
Louie,NOUN,HAS_GROUP(MaleGender),HAS_GROUP(FirstName)
Louis,NOUN,HAS_GROUP(MaleGender),HAS_GROUP(FirstName)
Louisa,NOUN,HAS_GROUP(FemaleGender),HAS_GROUP(FirstName)
Louise,NOUN,HAS_GROUP(FemaleGender),HAS_GROUP(FirstName)
Luca,NOUN,HAS_GROUP(MaleGender),HAS_GROUP(FirstName)
Lucas,NOUN,HAS_GROUP(MaleGender),HAS_GROUP(FirstName)
Lucia,NOUN,HAS_GROUP(FemaleGender),HAS_GROUP(FirstName)
Lucie,NOUN,HAS_GROUP(FemaleGender),HAS_GROUP(FirstName)
Lucy,NOUN,HAS_GROUP(FemaleGender),HAS_GROUP(FirstName)
Luis,NOUN,HAS_GROUP(MaleGender),HAS_GROUP(FirstName)
Lukasz,NOUN,HAS_GROUP(MaleGender),HAS_GROUP(FirstName)
Luke,NOUN,HAS_GROUP(MaleGender),HAS_GROUP(FirstName)
Lydia,NOUN,HAS_GROUP(FemaleGender),HAS_GROUP(FirstName)
Lyn,NOUN,HAS_GROUP(FemaleGender),HAS_GROUP(FirstName)
Lynda,NOUN,HAS_GROUP(FemaleGender),HAS_GROUP(FirstName)
Lyndsey,NOUN,HAS_GROUP(FemaleGender),HAS_GROUP(FirstName)
Lynn,NOUN,HAS_GROUP(FemaleGender),HAS_GROUP(FirstName)
Lynne,NOUN,HAS_GROUP(FemaleGender),HAS_GROUP(FirstName)
Lynsey,NOUN,HAS_GROUP(FemaleGender),HAS_GROUP(FirstName)
Maddie,NOUN,HAS_GROUP(FemaleGender),HAS_GROUP(FirstName)
Magda,NOUN,HAS_GROUP(FemaleGender),HAS_GROUP(FirstName)
Magdalena,NOUN,HAS_GROUP(FemaleGender),HAS_GROUP(FirstName)
Maggie,NOUN,HAS_GROUP(FemaleGender),HAS_GROUP(FirstName)
Mags,NOUN,HAS_GROUP(FemaleGender),HAS_GROUP(FirstName)
Mahesh,NOUN,HAS_GROUP(MaleGender),HAS_GROUP(FirstName)
Maisie,NOUN,HAS_GROUP(FemaleGender),HAS_GROUP(FirstName)
Maja,NOUN,HAS_GROUP(FemaleGender),HAS_GROUP(FirstName)
Malcolm,NOUN,HAS_GROUP(MaleGender),HAS_GROUP(FirstName)
Malgorzata,NOUN,HAS_GROUP(FemaleGender),HAS_GROUP(FirstName)
Mandy,NOUN,HAS_GROUP(FemaleGender),HAS_GROUP(FirstName)
Manish,NOUN,HAS_GROUP(MaleGender),HAS_GROUP(FirstName)
Manoj,NOUN,HAS_GROUP(MaleGender),HAS_GROUP(FirstName)
Manuel,NOUN,HAS_GROUP(MaleGender),HAS_GROUP(FirstName)
Marc,NOUN,HAS_GROUP(MaleGender),HAS_GROUP(FirstName)
Marcin,NOUN,HAS_GROUP(MaleGender),HAS_GROUP(FirstName)
Marco,NOUN,HAS_GROUP(MaleGender),HAS_GROUP(FirstName)
Marcus,NOUN,HAS_GROUP(MaleGender),HAS_GROUP(FirstName)
Marek,NOUN,HAS_GROUP(MaleGender),HAS_GROUP(FirstName)
Margaret,NOUN,HAS_GROUP(FemaleGender),HAS_GROUP(FirstName)
Mari,NOUN,HAS_GROUP(FemaleGender),HAS_GROUP(FirstName)
Maria,NOUN,HAS_GROUP(FemaleGender),HAS_GROUP(FirstName)
Marian,NOUN,HAS_GROUP(FemaleGender),HAS_GROUP(FirstName)
Marianne,NOUN,HAS_GROUP(FemaleGender),HAS_GROUP(FirstName)
Marie,NOUN,HAS_GROUP(FemaleGender),HAS_GROUP(FirstName)
Marilyn,NOUN,HAS_GROUP(FemaleGender),HAS_GROUP(FirstName)
Marina,NOUN,HAS_GROUP(FemaleGender),HAS_GROUP(FirstName)
Mario,NOUN,HAS_GROUP(MaleGender),HAS_GROUP(FirstName)
Marion,NOUN,HAS_GROUP(FemaleGender),HAS_GROUP(FirstName)
Mariusz,NOUN,HAS_GROUP(MaleGender),HAS_GROUP(FirstName)
Marjorie,NOUN,HAS_GROUP(FemaleGender),HAS_GROUP(FirstName)
Mark,NOUN,HAS_GROUP(MaleGender),HAS_GROUP(FirstName)
Marta,NOUN,HAS_GROUP(FemaleGender),HAS_GROUP(FirstName)
Martha,NOUN,HAS_GROUP(FemaleGender),HAS_GROUP(FirstName)
Martin,NOUN,HAS_GROUP(MaleGender),HAS_GROUP(FirstName)
Martina,NOUN,HAS_GROUP(FemaleGender),HAS_GROUP(FirstName)
Marty,NOUN,HAS_GROUP(MaleGender),HAS_GROUP(FirstName)
Martyn,NOUN,HAS_GROUP(MaleGender),HAS_GROUP(FirstName)
Mary,NOUN,HAS_GROUP(FemaleGender),HAS_GROUP(FirstName)
Mason,NOUN,HAS_GROUP(MaleGender),HAS_GROUP(FirstName)
Mat,NOUN,HAS_GROUP(MaleGender),HAS_GROUP(FirstName)
Mateusz,NOUN,HAS_GROUP(MaleGender),HAS_GROUP(FirstName)
Mathew,NOUN,HAS_GROUP(MaleGender),HAS_GROUP(FirstName)
Matt,NOUN,HAS_GROUP(MaleGender),HAS_GROUP(FirstName)
Matthew,NOUN,HAS_GROUP(MaleGender),HAS_GROUP(FirstName)
Matty,NOUN,HAS_GROUP(MaleGender),HAS_GROUP(FirstName)
Maureen,NOUN,HAS_GROUP(FemaleGender),HAS_GROUP(FirstName)
Maurice,NOUN,HAS_GROUP(MaleGender),HAS_GROUP(FirstName)
Max,NOUN,HAS_GROUP(MaleGender),HAS_GROUP(FirstName)
Maxine,NOUN,HAS_GROUP(FemaleGender),HAS_GROUP(FirstName)
May,NOUN,HAS_GROUP(FemaleGender),HAS_GROUP(FirstName)
Maya,NOUN,HAS_GROUP(FemaleGender),HAS_GROUP(FirstName)
Mayur,NOUN,HAS_GROUP(MaleGender),HAS_GROUP(FirstName)
Meg,NOUN,HAS_GROUP(FemaleGender),HAS_GROUP(FirstName)
Megan,NOUN,HAS_GROUP(FemaleGender),HAS_GROUP(FirstName)
Mehul,NOUN,HAS_GROUP(MaleGender),HAS_GROUP(FirstName)
Mel,NOUN,HAS_GROUP(FemaleGender),HAS_GROUP(FirstName)
Melanie,NOUN,HAS_GROUP(FemaleGender),HAS_GROUP(FirstName)
Melissa,NOUN,HAS_GROUP(FemaleGender),HAS_GROUP(FirstName)
Mia,NOUN,HAS_GROUP(FemaleGender),HAS_GROUP(FirstName)
Michael,NOUN,HAS_GROUP(MaleGender),HAS_GROUP(FirstName)
Michaela,NOUN,HAS_GROUP(FemaleGender),HAS_GROUP(FirstName)
Michal,NOUN,HAS_GROUP(MaleGender),HAS_GROUP(FirstName)
Micheal,NOUN,HAS_GROUP(MaleGender),HAS_GROUP(FirstName)
Michele,NOUN,HAS_GROUP(MaleGender),HAS_GROUP(FirstName)
Michelle,NOUN,HAS_GROUP(FemaleGender),HAS_GROUP(FirstName)
Mick,NOUN,HAS_GROUP(MaleGender),HAS_GROUP(FirstName)
Mickey,NOUN,HAS_GROUP(MaleGender),HAS_GROUP(FirstName)
Micky,NOUN,HAS_GROUP(MaleGender),HAS_GROUP(FirstName)
Miguel,NOUN,HAS_GROUP(MaleGender),HAS_GROUP(FirstName)
Mike,NOUN,HAS_GROUP(MaleGender),HAS_GROUP(FirstName)
Mikey,NOUN,HAS_GROUP(MaleGender),HAS_GROUP(FirstName)
Milan,NOUN,HAS_GROUP(MaleGender),HAS_GROUP(FirstName)
Miles,NOUN,HAS_GROUP(MaleGender),HAS_GROUP(FirstName)
Millie,NOUN,HAS_GROUP(FemaleGender),HAS_GROUP(FirstName)
Milly,NOUN,HAS_GROUP(FemaleGender),HAS_GROUP(FirstName)
Miriam,NOUN,HAS_GROUP(FemaleGender),HAS_GROUP(FirstName)
Mitch,NOUN,HAS_GROUP(MaleGender),HAS_GROUP(FirstName)
Mitchell,NOUN,HAS_GROUP(MaleGender),NOUN,HAS_GROUP(FirstName)
Mo,HAS_GROUP(FirstName)
Mohammad,NOUN,HAS_GROUP(MaleGender),HAS_GROUP(FirstName)
Mohammed,NOUN,HAS_GROUP(MaleGender),HAS_GROUP(FirstName)
Moira,NOUN,HAS_GROUP(FemaleGender),HAS_GROUP(FirstName)
Mollie,NOUN,HAS_GROUP(FemaleGender),HAS_GROUP(FirstName)
Molly,NOUN,HAS_GROUP(FemaleGender),HAS_GROUP(FirstName)
Monica,NOUN,HAS_GROUP(FemaleGender),HAS_GROUP(FirstName)
Monika,NOUN,HAS_GROUP(FemaleGender),HAS_GROUP(FirstName)
Morgan,NOUN,HAS_GROUP(MaleGender),HAS_GROUP(FirstName)
Muhammad,NOUN,HAS_GROUP(MaleGender),HAS_GROUP(FirstName)
Mustafa,NOUN,HAS_GROUP(MaleGender),HAS_GROUP(FirstName)
Myles,NOUN,HAS_GROUP(MaleGender),HAS_GROUP(FirstName)
Nadeem,NOUN,HAS_GROUP(FemaleGender),HAS_GROUP(FirstName)
Nadia,NOUN,HAS_GROUP(FemaleGender),HAS_GROUP(FirstName)
Nadine,NOUN,HAS_GROUP(FemaleGender),HAS_GROUP(FirstName)
Nancy,NOUN,HAS_GROUP(FemaleGender),HAS_GROUP(FirstName)
Naomi,NOUN,HAS_GROUP(FemaleGender),HAS_GROUP(FirstName)
Nat,NOUN,HAS_GROUP(FemaleGender),HAS_GROUP(FirstName)
Natalia,NOUN,HAS_GROUP(FemaleGender),HAS_GROUP(FirstName)
Natalie,NOUN,HAS_GROUP(FemaleGender),HAS_GROUP(FirstName)
Natasha,NOUN,HAS_GROUP(FemaleGender),HAS_GROUP(FirstName)
Nathan,NOUN,HAS_GROUP(MaleGender),HAS_GROUP(FirstName)
Nathaniel,NOUN,HAS_GROUP(MaleGender),HAS_GROUP(FirstName)
Nayan,NOUN,HAS_GROUP(MaleGender),HAS_GROUP(FirstName)
Neal,NOUN,HAS_GROUP(MaleGender),HAS_GROUP(FirstName)
Neil,NOUN,HAS_GROUP(MaleGender),HAS_GROUP(FirstName)
Niall,NOUN,HAS_GROUP(MaleGender),HAS_GROUP(FirstName)
Niamh,NOUN,HAS_GROUP(FemaleGender),HAS_GROUP(FirstName)
Nic,NOUN,HAS_GROUP(MaleGender),HAS_GROUP(FirstName)
Nichola,NOUN,HAS_GROUP(FemaleGender),HAS_GROUP(FirstName)
Nicholas,NOUN,HAS_GROUP(MaleGender),HAS_GROUP(FirstName)
Nick,NOUN,HAS_GROUP(MaleGender),HAS_GROUP(FirstName)
Nicki,NOUN,HAS_GROUP(FemaleGender),HAS_GROUP(FirstName)
Nicky,NOUN,HAS_GROUP(FemaleGender),HAS_GROUP(FirstName)
Nicola,NOUN,HAS_GROUP(FemaleGender),HAS_GROUP(FirstName)
Nicolas,NOUN,HAS_GROUP(MaleGender),HAS_GROUP(FirstName)
Nicole,NOUN,HAS_GROUP(FemaleGender),HAS_GROUP(FirstName)
Nigel,NOUN,HAS_GROUP(MaleGender),HAS_GROUP(FirstName)
Niki,NOUN,HAS_GROUP(FemaleGender),HAS_GROUP(FirstName)
Nikita,NOUN,HAS_GROUP(FemaleGender),HAS_GROUP(FirstName)
Nikki,NOUN,HAS_GROUP(FemaleGender),HAS_GROUP(FirstName)
Nilesh,NOUN,HAS_GROUP(MaleGender),HAS_GROUP(FirstName)
Nina,NOUN,HAS_GROUP(FemaleGender),HAS_GROUP(FirstName)
Noel,NOUN,HAS_GROUP(MaleGender),HAS_GROUP(FirstName)
Norma,NOUN,HAS_GROUP(FemaleGender),HAS_GROUP(FirstName)
Norman,NOUN,HAS_GROUP(MaleGender),HAS_GROUP(FirstName)
Olga,NOUN,HAS_GROUP(FemaleGender),HAS_GROUP(FirstName)
Oli,NOUN,HAS_GROUP(MaleGender),HAS_GROUP(FirstName)
Oliver,NOUN,HAS_GROUP(MaleGender),HAS_GROUP(FirstName)
Olivia,NOUN,HAS_GROUP(FemaleGender),HAS_GROUP(FirstName)
Ollie,NOUN,HAS_GROUP(MaleGender),HAS_GROUP(FirstName)
Olly,NOUN,HAS_GROUP(MaleGender),HAS_GROUP(FirstName)
Omar,NOUN,HAS_GROUP(MaleGender),HAS_GROUP(FirstName)
Oscar,NOUN,HAS_GROUP(MaleGender),HAS_GROUP(FirstName)
Owain,NOUN,HAS_GROUP(MaleGender),HAS_GROUP(FirstName)
Owen,NOUN,HAS_GROUP(MaleGender),HAS_GROUP(FirstName)
Pablo,NOUN,HAS_GROUP(MaleGender),HAS_GROUP(FirstName)
Paddy,NOUN,HAS_GROUP(MaleGender),HAS_GROUP(FirstName)
Paige,NOUN,HAS_GROUP(FemaleGender),HAS_GROUP(FirstName)
Pam,NOUN,HAS_GROUP(FemaleGender),HAS_GROUP(FirstName)
Pamela,NOUN,HAS_GROUP(FemaleGender),HAS_GROUP(FirstName)
Pankaj,NOUN,HAS_GROUP(MaleGender),HAS_GROUP(FirstName)
Paresh,NOUN,HAS_GROUP(MaleGender),HAS_GROUP(FirstName)
Paris,NOUN,HAS_GROUP(FemaleGender),HAS_GROUP(FirstName)
Parth,NOUN,HAS_GROUP(MaleGender),HAS_GROUP(FirstName)
Pat,NOUN,HAS_GROUP(FemaleGender),HAS_GROUP(FirstName)
Patel,NOUN,HAS_GROUP(MaleGender),HAS_GROUP(FirstName)
Patricia,NOUN,HAS_GROUP(FemaleGender),HAS_GROUP(FirstName)
Patrick,NOUN,HAS_GROUP(MaleGender),HAS_GROUP(FirstName)
Patrycja,NOUN,HAS_GROUP(FemaleGender),HAS_GROUP(FirstName)
Patryk,NOUN,HAS_GROUP(MaleGender),HAS_GROUP(FirstName)
Patsy,NOUN,HAS_GROUP(FemaleGender),HAS_GROUP(FirstName)
Paul,NOUN,HAS_GROUP(MaleGender),HAS_GROUP(FirstName)
Paula,NOUN,HAS_GROUP(FemaleGender),HAS_GROUP(FirstName)
Paulina,NOUN,HAS_GROUP(FemaleGender),HAS_GROUP(FirstName)
Pauline,NOUN,HAS_GROUP(FemaleGender),HAS_GROUP(FirstName)
Pawel,NOUN,HAS_GROUP(MaleGender),HAS_GROUP(FirstName)
Pedro,NOUN,HAS_GROUP(MaleGender),HAS_GROUP(FirstName)
Penny,NOUN,HAS_GROUP(FemaleGender),HAS_GROUP(FirstName)
Pete,NOUN,HAS_GROUP(MaleGender),HAS_GROUP(FirstName)
Peter,NOUN,HAS_GROUP(MaleGender),HAS_GROUP(FirstName)
Phil,NOUN,HAS_GROUP(MaleGender),HAS_GROUP(FirstName)
Philip,NOUN,HAS_GROUP(MaleGender),HAS_GROUP(FirstName)
Philippa,NOUN,HAS_GROUP(FemaleGender),HAS_GROUP(FirstName)
Phillip,NOUN,HAS_GROUP(MaleGender),HAS_GROUP(FirstName)
Phoebe,NOUN,HAS_GROUP(FemaleGender),HAS_GROUP(FirstName)
Pierre,NOUN,HAS_GROUP(MaleGender),HAS_GROUP(FirstName)
Piotr,NOUN,HAS_GROUP(MaleGender),HAS_GROUP(FirstName)
Pippa,NOUN,HAS_GROUP(FemaleGender),HAS_GROUP(FirstName)
Piyush,NOUN,HAS_GROUP(MaleGender),HAS_GROUP(FirstName)
Polly,NOUN,HAS_GROUP(FemaleGender),HAS_GROUP(FirstName)
Poppy,NOUN,HAS_GROUP(FemaleGender),HAS_GROUP(FirstName)
Pratik,NOUN,HAS_GROUP(MaleGender),HAS_GROUP(FirstName)
Rach,NOUN,HAS_GROUP(FemaleGender),HAS_GROUP(FirstName)
Rachael,NOUN,HAS_GROUP(FemaleGender),HAS_GROUP(FirstName)
Rachel,NOUN,HAS_GROUP(FemaleGender),HAS_GROUP(FirstName)
Rafal,NOUN,HAS_GROUP(MaleGender),HAS_GROUP(FirstName)
Rahul,NOUN,HAS_GROUP(MaleGender),HAS_GROUP(FirstName)
Raj,NOUN,HAS_GROUP(MaleGender),HAS_GROUP(FirstName)
Raja,NOUN,HAS_GROUP(MaleGender),HAS_GROUP(FirstName)
Rajesh,NOUN,HAS_GROUP(MaleGender),HAS_GROUP(FirstName)
Raju,NOUN,HAS_GROUP(MaleGender),HAS_GROUP(FirstName)
Rakesh,NOUN,HAS_GROUP(MaleGender),HAS_GROUP(FirstName)
Ralph,NOUN,HAS_GROUP(MaleGender),HAS_GROUP(FirstName)
Ramesh,NOUN,HAS_GROUP(MaleGender),HAS_GROUP(FirstName)
Ravi,NOUN,HAS_GROUP(MaleGender),HAS_GROUP(FirstName)
Ray,NOUN,HAS_GROUP(MaleGender),HAS_GROUP(FirstName)
Raymond,NOUN,HAS_GROUP(MaleGender),HAS_GROUP(FirstName)
Rebecca,NOUN,HAS_GROUP(FemaleGender),HAS_GROUP(FirstName)
Rebekah,NOUN,HAS_GROUP(FemaleGender),HAS_GROUP(FirstName)
Reece,NOUN,HAS_GROUP(MaleGender),HAS_GROUP(FirstName)
Renata,NOUN,HAS_GROUP(FemaleGender),HAS_GROUP(FirstName)
Rhian,NOUN,HAS_GROUP(FemaleGender),HAS_GROUP(FirstName)
Rhiannon,NOUN,HAS_GROUP(FemaleGender),HAS_GROUP(FirstName)
Rhonda,NOUN,HAS_GROUP(MaleGender),HAS_GROUP(FirstName)
Rhys,NOUN,HAS_GROUP(MaleGender),HAS_GROUP(FirstName)
Ricardo,NOUN,HAS_GROUP(MaleGender),HAS_GROUP(FirstName)
Rich,NOUN,HAS_GROUP(MaleGender),HAS_GROUP(FirstName)
Richard,NOUN,HAS_GROUP(MaleGender),HAS_GROUP(FirstName)
Richie,NOUN,HAS_GROUP(MaleGender),HAS_GROUP(FirstName)
Rick,NOUN,HAS_GROUP(MaleGender),HAS_GROUP(FirstName)
Ricky,NOUN,HAS_GROUP(MaleGender),NOUN,HAS_GROUP(FirstName)
Riley,HAS_GROUP(FirstName)
Rita,NOUN,HAS_GROUP(FemaleGender),HAS_GROUP(FirstName)
Rob,NOUN,HAS_GROUP(MaleGender),HAS_GROUP(FirstName)
Robbie,NOUN,HAS_GROUP(MaleGender),HAS_GROUP(FirstName)
Robert,NOUN,HAS_GROUP(MaleGender),HAS_GROUP(FirstName)
Robin,NOUN,HAS_GROUP(MaleGender),HAS_GROUP(FirstName)
Robyn,NOUN,HAS_GROUP(FemaleGender),HAS_GROUP(FirstName)
Rodney,NOUN,HAS_GROUP(MaleGender),HAS_GROUP(FirstName)
Roger,NOUN,HAS_GROUP(MaleGender),HAS_GROUP(FirstName)
Rohan,NOUN,HAS_GROUP(MaleGender),HAS_GROUP(FirstName)
Rohit,NOUN,HAS_GROUP(MaleGender),HAS_GROUP(FirstName)
Roman,NOUN,HAS_GROUP(MaleGender),HAS_GROUP(FirstName)
Ron,NOUN,HAS_GROUP(MaleGender),HAS_GROUP(FirstName)
Ronald,NOUN,HAS_GROUP(MaleGender),HAS_GROUP(FirstName)
Ronan,NOUN,HAS_GROUP(MaleGender),HAS_GROUP(FirstName)
Ronnie,NOUN,HAS_GROUP(MaleGender),HAS_GROUP(FirstName)
Rory,NOUN,HAS_GROUP(MaleGender),HAS_GROUP(FirstName)
Rosa,NOUN,HAS_GROUP(FemaleGender),HAS_GROUP(FirstName)
Rose,NOUN,HAS_GROUP(FemaleGender),HAS_GROUP(FirstName)
Rosemary,NOUN,HAS_GROUP(FemaleGender),HAS_GROUP(FirstName)
Rosie,NOUN,HAS_GROUP(FemaleGender),HAS_GROUP(FirstName)
Ross,NOUN,HAS_GROUP(MaleGender),HAS_GROUP(FirstName)
Rowan,NOUN,HAS_GROUP(MaleGender),HAS_GROUP(FirstName)
Roxanne,NOUN,HAS_GROUP(FemaleGender),HAS_GROUP(FirstName)
Roy,NOUN,HAS_GROUP(MaleGender),HAS_GROUP(FirstName)
Ruby,NOUN,HAS_GROUP(FemaleGender),HAS_GROUP(FirstName)
Rui,NOUN,HAS_GROUP(FemaleGender),HAS_GROUP(FirstName)
Russ,NOUN,HAS_GROUP(MaleGender),HAS_GROUP(FirstName)
Russell,NOUN,HAS_GROUP(MaleGender),HAS_GROUP(FirstName)
Ruth,NOUN,HAS_GROUP(FemaleGender),HAS_GROUP(FirstName)
Ryan,NOUN,HAS_GROUP(MaleGender),HAS_GROUP(FirstName)
Sabrina,NOUN,HAS_GROUP(FemaleGender),HAS_GROUP(FirstName)
Sachin,NOUN,HAS_GROUP(MaleGender),HAS_GROUP(FirstName)
Sadie,NOUN,HAS_GROUP(FemaleGender),HAS_GROUP(FirstName)
Sagar,NOUN,HAS_GROUP(MaleGender),HAS_GROUP(FirstName)
Sally,NOUN,HAS_GROUP(FemaleGender),HAS_GROUP(FirstName)
Sam,NOUN,HAS_GROUP(MaleGender),HAS_GROUP(FirstName)
Samantha,NOUN,HAS_GROUP(FemaleGender),HAS_GROUP(FirstName)
Sami,NOUN,HAS_GROUP(FemaleGender),NOUN,HAS_GROUP(FirstName)
Sammy,HAS_GROUP(FirstName)
Samuel,NOUN,HAS_GROUP(MaleGender),HAS_GROUP(FirstName)
Sandie,NOUN,HAS_GROUP(FemaleGender),HAS_GROUP(FirstName)
Sandra,NOUN,HAS_GROUP(FemaleGender),HAS_GROUP(FirstName)
Sandy,NOUN,HAS_GROUP(MaleGender),HAS_GROUP(FirstName)
Sanjay,NOUN,HAS_GROUP(MaleGender),HAS_GROUP(FirstName)
Sara,NOUN,HAS_GROUP(FemaleGender),HAS_GROUP(FirstName)
Sarah,NOUN,HAS_GROUP(FemaleGender),HAS_GROUP(FirstName)
Sasha,NOUN,HAS_GROUP(FemaleGender),HAS_GROUP(FirstName)
Scarlett,NOUN,HAS_GROUP(FemaleGender),HAS_GROUP(FirstName)
Scott,NOUN,HAS_GROUP(MaleGender),HAS_GROUP(FirstName)
Sean,NOUN,HAS_GROUP(MaleGender),HAS_GROUP(FirstName)
Sebastian,NOUN,HAS_GROUP(MaleGender),HAS_GROUP(FirstName)
Selina,NOUN,HAS_GROUP(FemaleGender),HAS_GROUP(FirstName)
Serena,NOUN,HAS_GROUP(FemaleGender),HAS_GROUP(FirstName)
Shane,NOUN,HAS_GROUP(MaleGender),HAS_GROUP(FirstName)
Shannen,NOUN,HAS_GROUP(FemaleGender),HAS_GROUP(FirstName)
Shannon,NOUN,HAS_GROUP(FemaleGender),HAS_GROUP(FirstName)
Sharon,NOUN,HAS_GROUP(FemaleGender),HAS_GROUP(FirstName)
Sharron,NOUN,HAS_GROUP(FemaleGender),HAS_GROUP(FirstName)
Shaun,NOUN,HAS_GROUP(MaleGender),HAS_GROUP(FirstName)
Shauna,NOUN,HAS_GROUP(FemaleGender),HAS_GROUP(FirstName)
Sheila,NOUN,HAS_GROUP(FemaleGender),HAS_GROUP(FirstName)
Shelby,NOUN,HAS_GROUP(FemaleGender),HAS_GROUP(FirstName)
Shell,NOUN,HAS_GROUP(FemaleGender),HAS_GROUP(FirstName)
Shelley,NOUN,HAS_GROUP(FemaleGender),NOUN,HAS_GROUP(FirstName)
Shelly,HAS_GROUP(FirstName)
Shirley,NOUN,HAS_GROUP(FemaleGender),HAS_GROUP(FirstName)
Shona,NOUN,HAS_GROUP(FemaleGender),HAS_GROUP(FirstName)
Si,NOUN,HAS_GROUP(MaleGender),HAS_GROUP(FirstName)
Sian,NOUN,HAS_GROUP(FemaleGender),HAS_GROUP(FirstName)
Sid,NOUN,HAS_GROUP(MaleGender),HAS_GROUP(FirstName)
Silvia,NOUN,HAS_GROUP(FemaleGender),HAS_GROUP(FirstName)
Simon,NOUN,HAS_GROUP(MaleGender),HAS_GROUP(FirstName)
Simone,NOUN,HAS_GROUP(FemaleGender),HAS_GROUP(FirstName)
Sinead,NOUN,HAS_GROUP(FemaleGender),HAS_GROUP(FirstName)
Siobhan,NOUN,HAS_GROUP(FemaleGender),HAS_GROUP(FirstName)
Skye,NOUN,HAS_GROUP(FemaleGender),HAS_GROUP(FirstName)
Sonia,NOUN,HAS_GROUP(FemaleGender),HAS_GROUP(FirstName)
Sonny,NOUN,HAS_GROUP(MaleGender),HAS_GROUP(FirstName)
Sonya,NOUN,HAS_GROUP(FemaleGender),HAS_GROUP(FirstName)
Sophia,NOUN,HAS_GROUP(FemaleGender),HAS_GROUP(FirstName)
Sophie,NOUN,HAS_GROUP(FemaleGender),HAS_GROUP(FirstName)
Spencer,NOUN,HAS_GROUP(MaleGender),HAS_GROUP(FirstName)
Stacey,NOUN,HAS_GROUP(FemaleGender),HAS_GROUP(FirstName)
Stacie,NOUN,HAS_GROUP(FemaleGender),HAS_GROUP(FirstName)
Stacy,NOUN,HAS_GROUP(FemaleGender),NOUN,HAS_GROUP(FirstName)
Stan,HAS_GROUP(FirstName)
Stanley,NOUN,HAS_GROUP(MaleGender),HAS_GROUP(FirstName)
Ste,NOUN,HAS_GROUP(MaleGender),HAS_GROUP(FirstName)
Stefan,NOUN,HAS_GROUP(MaleGender),HAS_GROUP(FirstName)
Stella,NOUN,HAS_GROUP(FemaleGender),HAS_GROUP(FirstName)
Steph,NOUN,HAS_GROUP(FemaleGender),HAS_GROUP(FirstName)
Stephanie,NOUN,HAS_GROUP(FemaleGender),HAS_GROUP(FirstName)
Stephen,NOUN,HAS_GROUP(MaleGender),HAS_GROUP(FirstName)
Steve,NOUN,HAS_GROUP(MaleGender),HAS_GROUP(FirstName)
Steven,NOUN,HAS_GROUP(MaleGender),HAS_GROUP(FirstName)
Stevie,NOUN,HAS_GROUP(MaleGender),HAS_GROUP(FirstName)
Stewart,NOUN,HAS_GROUP(MaleGender),HAS_GROUP(FirstName)
Stu,NOUN,HAS_GROUP(MaleGender),HAS_GROUP(FirstName)
Stuart,NOUN,HAS_GROUP(MaleGender),HAS_GROUP(FirstName)
Sue,NOUN,HAS_GROUP(FemaleGender),HAS_GROUP(FirstName)
Summer,NOUN,HAS_GROUP(FemaleGender),HAS_GROUP(FirstName)
Sunil,NOUN,HAS_GROUP(MaleGender),HAS_GROUP(FirstName)
Sunny,NOUN,HAS_GROUP(MaleGender),HAS_GROUP(FirstName)
Suresh,NOUN,HAS_GROUP(MaleGender),HAS_GROUP(FirstName)
Susan,NOUN,HAS_GROUP(FemaleGender),HAS_GROUP(FirstName)
Susie,NOUN,HAS_GROUP(FemaleGender),HAS_GROUP(FirstName)
Suzanne,NOUN,HAS_GROUP(FemaleGender),HAS_GROUP(FirstName)
Suzie,NOUN,HAS_GROUP(FemaleGender),HAS_GROUP(FirstName)
Suzy,NOUN,HAS_GROUP(FemaleGender),HAS_GROUP(FirstName)
Sylvia,NOUN,HAS_GROUP(FemaleGender),HAS_GROUP(FirstName)
Sylwia,NOUN,HAS_GROUP(FemaleGender),HAS_GROUP(FirstName)
Tahir,NOUN,HAS_GROUP(MaleGender),NOUN,HAS_GROUP(FirstName)
Tam,HAS_GROUP(FirstName)
Tamara,NOUN,HAS_GROUP(FemaleGender),HAS_GROUP(FirstName)
Tammy,NOUN,HAS_GROUP(FemaleGender),HAS_GROUP(FirstName)
Tania,NOUN,HAS_GROUP(FemaleGender),HAS_GROUP(FirstName)
Tanya,NOUN,HAS_GROUP(FemaleGender),HAS_GROUP(FirstName)
Tara,NOUN,HAS_GROUP(FemaleGender),HAS_GROUP(FirstName)
Tasha,NOUN,HAS_GROUP(FemaleGender),HAS_GROUP(FirstName)
Taylor,NOUN,HAS_GROUP(MaleGender),HAS_GROUP(FirstName)
Terence,NOUN,HAS_GROUP(MaleGender),HAS_GROUP(FirstName)
Teresa,NOUN,HAS_GROUP(FemaleGender),HAS_GROUP(FirstName)
Terri,NOUN,HAS_GROUP(FemaleGender),HAS_GROUP(FirstName)
Terry,NOUN,HAS_GROUP(MaleGender),HAS_GROUP(FirstName)
Theo,NOUN,HAS_GROUP(MaleGender),HAS_GROUP(FirstName)
Theresa,NOUN,HAS_GROUP(FemaleGender),HAS_GROUP(FirstName)
Thomas,NOUN,HAS_GROUP(MaleGender),HAS_GROUP(FirstName)
Tia,NOUN,HAS_GROUP(FemaleGender),HAS_GROUP(FirstName)
Tiffany,NOUN,HAS_GROUP(FemaleGender),HAS_GROUP(FirstName)
Tilly,NOUN,HAS_GROUP(FemaleGender),HAS_GROUP(FirstName)
Tim,NOUN,HAS_GROUP(MaleGender),HAS_GROUP(FirstName)
Timmy,NOUN,HAS_GROUP(MaleGender),HAS_GROUP(FirstName)
Timothy,NOUN,HAS_GROUP(FemaleGender),HAS_GROUP(FirstName)
Tina,NOUN,HAS_GROUP(MaleGender),HAS_GROUP(FirstName)
Tobias,NOUN,HAS_GROUP(MaleGender),HAS_GROUP(FirstName)
Toby,NOUN,HAS_GROUP(MaleGender),HAS_GROUP(FirstName)
Todd,NOUN,HAS_GROUP(MaleGender),HAS_GROUP(FirstName)
Tom,NOUN,HAS_GROUP(MaleGender),HAS_GROUP(FirstName)
Tomas,NOUN,HAS_GROUP(MaleGender),HAS_GROUP(FirstName)
Tomasz,NOUN,HAS_GROUP(MaleGender),HAS_GROUP(FirstName)
Tommy,NOUN,HAS_GROUP(MaleGender),HAS_GROUP(FirstName)
Toni,NOUN,HAS_GROUP(FemaleGender),HAS_GROUP(FirstName)
Tony,NOUN,HAS_GROUP(MaleGender),HAS_GROUP(FirstName)
Tracey,NOUN,HAS_GROUP(FemaleGender),HAS_GROUP(FirstName)
Tracie,NOUN,HAS_GROUP(FemaleGender),HAS_GROUP(FirstName)
Tracy,NOUN,HAS_GROUP(FemaleGender),HAS_GROUP(FirstName)
Travis,NOUN,HAS_GROUP(MaleGender),HAS_GROUP(FirstName)
Trevor,NOUN,HAS_GROUP(MaleGender),HAS_GROUP(FirstName)
Tricia,NOUN,HAS_GROUP(FemaleGender),HAS_GROUP(FirstName)
Trish,NOUN,HAS_GROUP(FemaleGender),HAS_GROUP(FirstName)
Trisha,NOUN,HAS_GROUP(FemaleGender),HAS_GROUP(FirstName)
Tristan,NOUN,HAS_GROUP(MaleGender),HAS_GROUP(FirstName)
Troy,NOUN,HAS_GROUP(MaleGender),HAS_GROUP(FirstName)
Tyler,NOUN,HAS_GROUP(MaleGender),HAS_GROUP(FirstName)
Tyrone,NOUN,HAS_GROUP(MaleGender),HAS_GROUP(FirstName)
Usman,NOUN,HAS_GROUP(MaleGender),NOUN,HAS_GROUP(FirstName)
Val,HAS_GROUP(FirstName)
Valerie,NOUN,HAS_GROUP(FemaleGender),HAS_GROUP(FirstName)
Vanessa,NOUN,HAS_GROUP(FemaleGender),HAS_GROUP(FirstName)
Vera,NOUN,HAS_GROUP(FemaleGender),HAS_GROUP(FirstName)
Veronica,NOUN,HAS_GROUP(FemaleGender),HAS_GROUP(FirstName)
Vicki,NOUN,HAS_GROUP(FemaleGender),HAS_GROUP(FirstName)
Vicky,NOUN,HAS_GROUP(FemaleGender),HAS_GROUP(FirstName)
Victor,NOUN,HAS_GROUP(MaleGender),HAS_GROUP(FirstName)
Victoria,NOUN,HAS_GROUP(FemaleGender),HAS_GROUP(FirstName)
Vijay,NOUN,HAS_GROUP(MaleGender),HAS_GROUP(FirstName)
Vikki,NOUN,HAS_GROUP(FemaleGender),HAS_GROUP(FirstName)
Vince,NOUN,HAS_GROUP(MaleGender),HAS_GROUP(FirstName)
Vincent,NOUN,HAS_GROUP(MaleGender),HAS_GROUP(FirstName)
Vinod,NOUN,HAS_GROUP(MaleGender),HAS_GROUP(FirstName)
Vipul,NOUN,HAS_GROUP(MaleGender),HAS_GROUP(FirstName)
Vishal,NOUN,HAS_GROUP(MaleGender),HAS_GROUP(FirstName)
Vivek,NOUN,HAS_GROUP(MaleGender),HAS_GROUP(FirstName)
Vivian,NOUN,HAS_GROUP(FemaleGender),HAS_GROUP(FirstName)
Vivienne,NOUN,HAS_GROUP(FemaleGender),HAS_GROUP(FirstName)
Wang,NOUN,HAS_GROUP(FemaleGender),HAS_GROUP(FirstName)
Warren,NOUN,HAS_GROUP(MaleGender),HAS_GROUP(FirstName)
Wayne,NOUN,HAS_GROUP(MaleGender),HAS_GROUP(FirstName)
Wendy,NOUN,HAS_GROUP(FemaleGender),HAS_GROUP(FirstName)
Wesley,NOUN,HAS_GROUP(MaleGender),HAS_GROUP(FirstName)
Will,NOUN,HAS_GROUP(MaleGender),HAS_GROUP(FirstName)
William,NOUN,HAS_GROUP(MaleGender),HAS_GROUP(FirstName)
Wojtek,NOUN,HAS_GROUP(MaleGender),HAS_GROUP(FirstName)
Xin,NOUN,HAS_GROUP(FemaleGender),HAS_GROUP(FirstName)
Yang,NOUN,HAS_GROUP(MaleGender),HAS_GROUP(FirstName)
Yasmin,NOUN,HAS_GROUP(FemaleGender),HAS_GROUP(FirstName)
Yi,NOUN,HAS_GROUP(MaleGender),HAS_GROUP(FirstName)
Yu,NOUN,HAS_GROUP(FemaleGender),HAS_GROUP(FirstName)
Yue,NOUN,HAS_GROUP(FemaleGender),HAS_GROUP(FirstName)
Yvonne,NOUN,HAS_GROUP(FemaleGender),HAS_GROUP(FirstName)
Zac,NOUN,HAS_GROUP(MaleGender),HAS_GROUP(FirstName)
Zahid,NOUN,HAS_GROUP(MaleGender),HAS_GROUP(FirstName)
Zak,NOUN,HAS_GROUP(MaleGender),HAS_GROUP(FirstName)
Zara,NOUN,HAS_GROUP(FemaleGender),HAS_GROUP(FirstName)
Zena,NOUN,HAS_GROUP(FemaleGender),HAS_GROUP(FirstName)
Zhang,NOUN,HAS_GROUP(FemaleGender),HAS_GROUP(FirstName)
Zoe,NOUN,HAS_GROUP(FemaleGender),HAS_GROUP(FirstName)
