Aaron,GenderMale,FirstName
Abbey,GenderFemale,FirstName
Abbi,GenderFemale,FirstName
Abbie,GenderFemale,FirstName
Abby,GenderFemale,FirstName
Abdul,GenderMale,FirstName
Abi,GenderFemale,FirstName
Abigail,GenderFemale,FirstName
Adam,GenderMale,FirstName
Adele,GenderFemale,FirstName
Adrian,GenderMale,FirstName
Ady,GenderFemale,FirstName
Aga,GenderFemale,FirstName
Agata,GenderFemale,FirstName
Agnes,GenderFemale,FirstName
Agnieszka,GenderFemale,FirstName
Ahmed,GenderMale,FirstName
Aidan,GenderFemale,FirstName
Aiden,GenderMale,FirstName
Aimee,GenderFemale,FirstName
Aisha,GenderFemale,FirstName
Aj,GenderMale,FirstName
Ajay,GenderMale,FirstName
Akash,GenderMale,FirstName
Akshay,GenderMale,FirstName
Al,GenderMale,FirstName
Alan,GenderMale,FirstName
Alana,GenderFemale,FirstName
Alastair,GenderMale,FirstName
Alec,GenderFemale,FirstName
Aled,GenderMale,FirstName
Aleksandra,GenderFemale,FirstName
Alex,GenderMale,FirstName
Alexander,GenderMale,FirstName
Alexandra,GenderFemale,FirstName
Alfie,GenderMale,FirstName
Ali,GenderMale,FirstName
Alice,GenderFemale,FirstName
Alicia,GenderFemale,FirstName
Alina,GenderFemale,FirstName
Alisha,GenderFemale,FirstName
Alison,GenderFemale,FirstName
Alistair,GenderMale,FirstName
Alix,GenderFemale,FirstName
Allan,GenderMale,FirstName
Allison,GenderFemale,FirstName
Ally,GenderFemale,FirstName
Alun,GenderMale,FirstName
Aman,GenderMale,FirstName
Amanda,GenderFemale,FirstName
Amber,GenderFemale,FirstName
Amelia,GenderFemale,FirstName
Amie,GenderFemale,FirstName
Amina,GenderFemale,FirstName
Amir,GenderMale,FirstName
Amit,GenderMale,FirstName
Amy,GenderFemale,FirstName
Ana,GenderFemale,FirstName
Andrea,GenderFemale,FirstName
Andreas,GenderMale,FirstName
Andrew,GenderMale,FirstName
Andrzej,GenderMale,FirstName
Andy,GenderMale,FirstName
Aneta,GenderFemale,FirstName
Angel,GenderFemale,FirstName
Angela,GenderFemale,FirstName
Angelika,GenderFemale,FirstName
Angie,GenderFemale,FirstName
Angus,GenderMale,FirstName
Ania,GenderFemale,FirstName
Anil,GenderMale,FirstName
Anita,GenderFemale,FirstName
Ankit,GenderMale,FirstName
Ann,GenderFemale,FirstName
Anna,GenderFemale,FirstName
Annabel,GenderFemale,FirstName
Annabelle,GenderFemale,FirstName
Anne,GenderFemale,FirstName
Annette,GenderFemale,FirstName
Annie,GenderFemale,FirstName
Annmarie,GenderFemale,FirstName
Anthony,GenderMale,FirstName
Anton,GenderMale,FirstName
Antonia,GenderFemale,FirstName
Antonio,GenderMale,FirstName
Antony,GenderMale,FirstName
April,GenderFemale,FirstName
Archie,GenderMale,FirstName
Arran,GenderMale,FirstName
Arron,GenderMale,FirstName
Arthur,GenderMale,FirstName
Artur,GenderMale,FirstName
Ash,GenderMale,FirstName
Ashleigh,GenderFemale,FirstName
Ashley,GenderMale,FirstName
Ashok,GenderMale,FirstName
Ashton,GenderMale,FirstName
Asif,GenderMale,FirstName
Audrey,GenderFemale,FirstName
Bailey,GenderMale,FirstName
Barbara,GenderFemale,FirstName
Barrie,GenderMale,FirstName
Barry,GenderMale,FirstName
Beata,GenderFemale,FirstName
Becca,GenderFemale,FirstName
Beccy,GenderFemale,FirstName
Becki,GenderFemale,FirstName
Beckie,GenderFemale,FirstName
Becky,GenderFemale,FirstName
Bella,GenderFemale,FirstName
Ben,GenderMale,FirstName
Benedict,GenderMale,FirstName
Benjamin,GenderMale,FirstName
Benn,GenderMale,FirstName
Bernadette,GenderFemale,FirstName
Bernard,GenderMale,FirstName
Bernie,GenderFemale,FirstName
Beryl,GenderFemale,FirstName
Beth,GenderFemale,FirstName
Bethan,GenderFemale,FirstName
Bethany,GenderFemale,FirstName
Betty,GenderFemale,FirstName
Bev,GenderFemale,FirstName
Beverley,GenderFemale,FirstName
Bex,GenderFemale,FirstName
Bharat,GenderMale,FirstName
Bhavesh,GenderMale,FirstName
Bilal,GenderMale,FirstName
Bill,GenderMale,FirstName
Billy,GenderMale,FirstName
Bob,GenderMale,FirstName
Bobby,GenderMale,FirstName
Bonnie,GenderFemale,FirstName
Brad,GenderMale,FirstName
Bradley,GenderMale,FirstName
Brandon,GenderMale,FirstName
Brenda,GenderFemale,FirstName
Brendan,GenderMale,FirstName
Brett,GenderMale,FirstName
Brian,GenderMale,FirstName
Bridget,GenderFemale,FirstName
Bridie,GenderFemale,FirstName
Brogan,GenderFemale,FirstName
Brooke,GenderFemale,FirstName
Bruce,GenderMale,FirstName
Bruno,GenderMale,FirstName
Bryan,GenderMale,FirstName
Bryony,GenderFemale,FirstName
Caitlin,GenderFemale,FirstName
Caleb,GenderMale,FirstName
Callum,GenderMale,FirstName
Calum,GenderMale,FirstName
Calvin,GenderMale,FirstName
Cameron,GenderMale,FirstName
Cara,GenderFemale,FirstName
Carina,GenderFemale,FirstName
Carl,GenderMale,FirstName
Carla,GenderFemale,FirstName
Carlos,GenderMale,FirstName
Carly,GenderFemale,FirstName
Carmen,GenderFemale,FirstName
Carol,GenderFemale,FirstName
Carole,GenderFemale,FirstName
Caroline,GenderFemale,FirstName
Carolyn,GenderFemale,FirstName
Carrie,GenderFemale,FirstName
Casey,GenderFemale,FirstName
Cassie,GenderFemale,FirstName
Cat,GenderFemale,FirstName
Cath,GenderFemale,FirstName
Catherine,GenderFemale,FirstName
Cathy,GenderFemale,FirstName
Ceri,GenderFemale,FirstName
Chad,GenderMale,FirstName
Chantelle,GenderFemale,FirstName
Charlene,GenderFemale,FirstName
Charles,GenderMale,FirstName
Charley,GenderFemale,FirstName
Charlie,GenderFemale,FirstName
Charlotte,GenderFemale,FirstName
Charmaine,GenderFemale,FirstName
Chelsea,GenderFemale,FirstName
Chen,GenderFemale,FirstName
Cheryl,GenderFemale,FirstName
Chetan,GenderMale,FirstName
Chirag,GenderMale,FirstName
Chloe,GenderFemale,FirstName
Chris,GenderMale,FirstName
Chrissie,GenderFemale,FirstName
Chrissy,GenderFemale,FirstName
Christian,GenderMale,FirstName
Christina,GenderFemale,FirstName
Christine,GenderFemale,FirstName
Christopher,GenderMale,FirstName
Christy,GenderFemale,FirstName
Ciara,FirstName
Ciaran,GenderMale,FirstName
Cindy,GenderFemale,FirstName
Clair,GenderMale,FirstName
Claire,GenderFemale,FirstName
Clare,GenderFemale,FirstName
Claudia,GenderFemale,FirstName
Clive,GenderMale,FirstName
Cody,GenderFemale,FirstName
Colette,GenderFemale,FirstName
Colin,GenderMale,FirstName
Colleen,GenderFemale,FirstName
Conner,GenderMale,FirstName
Connie,GenderFemale,FirstName
Connor,GenderMale,FirstName
Conor,GenderMale,FirstName
Corey,GenderMale,FirstName
Courtney,GenderFemale,FirstName
Craig,GenderMale,FirstName
Cristina,GenderFemale,FirstName
Curtis,GenderMale,FirstName
Cynthia,GenderFemale,FirstName
Daisy,GenderFemale,FirstName
Dale,GenderMale,FirstName
Damian,GenderMale,FirstName
Damien,GenderMale,FirstName
Damon,GenderMale,FirstName
Dan,GenderMale,FirstName
Dana,GenderFemale,FirstName
Dane,GenderMale,FirstName
Dani,GenderFemale,FirstName
Daniel,GenderMale,FirstName
Daniela,GenderFemale,FirstName
Danielle,GenderFemale,FirstName
Danni,FirstName
Danny,GenderMale,FirstName
Darren,GenderMale,FirstName
Darryl,GenderMale,FirstName
Daryl,GenderMale,FirstName
Dave,GenderMale,FirstName
David,GenderMale,FirstName
Dawid,GenderMale,FirstName
Dawn,GenderFemale,FirstName
Daz,GenderMale,FirstName
Dean,GenderMale,FirstName
Deb,GenderFemale,FirstName
Debbie,GenderFemale,FirstName
Deborah,GenderFemale,FirstName
Debra,GenderFemale,FirstName
Declan,GenderMale,FirstName
Dee,GenderFemale,FirstName
Demi,GenderFemale,FirstName
Denis,GenderMale,FirstName
Denise,GenderFemale,FirstName
Dennis,GenderMale,FirstName
Derek,GenderMale,FirstName
Derrick,GenderMale,FirstName
Dhaval,GenderMale,FirstName
Diana,GenderFemale,FirstName
Diane,GenderFemale,FirstName
Dianne,GenderFemale,FirstName
Dillon,GenderMale,FirstName
Dinesh,GenderMale,FirstName
Dionne,GenderFemale,FirstName
Dom,GenderFemale,FirstName
Dominic,GenderMale,FirstName
Don,GenderMale,FirstName
Donald,GenderMale,FirstName
Donna,GenderFemale,FirstName
Doreen,GenderFemale,FirstName
Doris,GenderFemale,FirstName
Dorota,GenderFemale,FirstName
Dorothy,GenderFemale,FirstName
Dot,GenderFemale,FirstName
Doug,GenderMale,FirstName
Dougie,GenderMale,FirstName
Douglas,GenderMale,FirstName
Drew,GenderMale,FirstName
Duane,GenderMale,FirstName
Duncan,GenderMale,FirstName
Dylan,GenderMale,FirstName
Ebony,GenderFemale,FirstName
Ed,GenderMale,FirstName
Edd,GenderMale,FirstName
Eddie,GenderMale,FirstName
Eddy,GenderMale,FirstName
Eduardo,GenderMale,FirstName
Edward,GenderMale,FirstName
Eileen,GenderFemale,FirstName
Elaine,GenderFemale,FirstName
Eleanor,GenderFemale,FirstName
Elena,GenderFemale,FirstName
Elise,GenderFemale,FirstName
Eliza,GenderFemale,FirstName
Elizabeth,GenderFemale,FirstName
Ella,GenderFemale,FirstName
Elle,GenderFemale,FirstName
Ellen,GenderFemale,FirstName
Ellie,GenderFemale,FirstName
Elliot,GenderMale,FirstName
Elliott,GenderMale,FirstName
Ellis,GenderFemale,FirstName
Eloise,GenderFemale,FirstName
Em,GenderFemale,FirstName
Emily,GenderFemale,FirstName
Emma,GenderFemale,FirstName
Eric,GenderMale,FirstName
Erica,GenderFemale,FirstName
Erika,GenderFemale,FirstName
Erin,GenderFemale,FirstName
Esther,GenderFemale,FirstName
Ethan,GenderMale,FirstName
Euan,GenderMale,FirstName
Eva,GenderFemale,FirstName
Evan,GenderMale,FirstName
Eve,GenderFemale,FirstName
Evelyn,GenderFemale,FirstName
Evie,GenderFemale,FirstName
Ewa,GenderFemale,FirstName
Ewan,GenderMale,FirstName
Ewelina,GenderFemale,FirstName
Faith,GenderFemale,FirstName
Farzana,GenderFemale,FirstName
Fatima,GenderFemale,FirstName
Fay,GenderFemale,FirstName
Faye,GenderFemale,FirstName
Felicity,GenderFemale,FirstName
Fernando,GenderMale,FirstName
Finlay,GenderMale,FirstName
Fiona,GenderFemale,FirstName
Flora,GenderFemale,FirstName
Florence,GenderFemale,FirstName
Fran,GenderFemale,FirstName
Frances,GenderFemale,FirstName
Francesca,GenderFemale,FirstName
Francis,GenderMale,FirstName
Frank,GenderMale,FirstName
Frankie,GenderFemale,FirstName
Fraser,GenderMale,FirstName
Frazer,GenderMale,FirstName
Fred,GenderMale,FirstName
Freddie,GenderMale,FirstName
Freya,GenderFemale,FirstName
Gabriel,GenderMale,FirstName
Gail,GenderFemale,FirstName
Gareth,GenderMale,FirstName
Garry,GenderMale,FirstName
Gary,GenderMale,FirstName
Gav,GenderMale,FirstName
Gavin,GenderMale,FirstName
Gaynor,GenderFemale,FirstName
Gaz,GenderMale,FirstName
Gemma,GenderFemale,FirstName
Geoff,GenderMale,FirstName
Geoffrey,GenderMale,FirstName
George,GenderMale,FirstName
Georgia,GenderFemale,FirstName
Georgie,GenderFemale,FirstName
Georgina,GenderFemale,FirstName
Geraint,GenderMale,FirstName
Gerald,GenderMale,FirstName
Geraldine,GenderFemale,FirstName
Gerard,GenderMale,FirstName
Gerry,GenderMale,FirstName
Gill,GenderFemale,FirstName
Gillian,GenderFemale,FirstName
Gina,GenderFemale,FirstName
Glen,GenderMale,FirstName
Glenn,GenderMale,FirstName
Gloria,GenderFemale,FirstName
Glyn,GenderMale,FirstName
Glynis,GenderFemale,FirstName
Gordon,GenderMale,FirstName
Grace,GenderFemale,FirstName
Graeme,GenderMale,FirstName
Graham,GenderMale,FirstName
Grant,GenderMale,FirstName
Greg,GenderMale,FirstName
Gregg,GenderMale,FirstName
Grzegorz,GenderMale,FirstName
Guy,GenderMale,FirstName
Gwen,GenderFemale,FirstName
Hamza,GenderMale,FirstName
Hanna,GenderFemale,FirstName
Hannah,GenderFemale,FirstName
Hardik,GenderMale,FirstName
Harley,GenderMale,FirstName
Haroon,GenderMale,FirstName
Harriet,GenderFemale,FirstName
Harrison,GenderMale,FirstName
Harry,GenderMale,FirstName
Harvey,GenderMale,FirstName
Hassan,GenderMale,FirstName
Hayden,GenderMale,FirstName
Haydn,GenderMale,FirstName
Hayley,GenderFemale,FirstName
Hazel,GenderFemale,FirstName
Heather,GenderFemale,FirstName
Heidi,GenderFemale,FirstName
Helen,GenderFemale,FirstName
Helena,GenderFemale,FirstName
Henry,GenderMale,FirstName
Hilary,GenderFemale,FirstName
Hitesh,GenderMale,FirstName
Hollie,GenderFemale,FirstName
Holly,GenderFemale,FirstName
Howard,GenderMale,FirstName
Hugh,GenderMale,FirstName
Hugo,GenderMale,FirstName
Huw,FirstName
Iain,GenderMale,FirstName
Ian,GenderMale,FirstName
Imogen,GenderFemale,FirstName
Imran,GenderMale,FirstName
Irene,GenderFemale,FirstName
Isaac,GenderMale,FirstName
Isabel,GenderFemale,FirstName
Isabella,GenderFemale,FirstName
Isabelle,GenderFemale,FirstName
Ismail,GenderMale,FirstName
Ivan,GenderMale,FirstName
Iwona,GenderFemale,FirstName
Izzy,GenderFemale,FirstName
Jacek,GenderMale,FirstName
Jack,GenderMale,FirstName
Jackie,GenderFemale,FirstName
Jacob,GenderMale,FirstName
Jacqueline,GenderFemale,FirstName
Jacqui,GenderFemale,FirstName
Jade,GenderFemale,FirstName
Jagdish,GenderMale,FirstName
Jaime,GenderFemale,FirstName
Jake,GenderMale,FirstName
Jakub,GenderMale,FirstName
James,GenderMale,FirstName
Jamie,GenderMale,FirstName
Jan,GenderMale,FirstName
Jane,GenderFemale,FirstName
Janet,GenderFemale,FirstName
Janette,GenderFemale,FirstName
Janice,GenderFemale,FirstName
Janine,GenderFemale,FirstName
Janis,GenderFemale,FirstName
Janusz,GenderMale,FirstName
Jas,GenderMale,FirstName
Jasmine,GenderFemale,FirstName
Jason,GenderMale,FirstName
Javier,GenderMale,FirstName
Jay,GenderMale,FirstName
Jayesh,GenderMale,FirstName
Jayne,GenderFemale,FirstName
Jean,GenderFemale,FirstName
Jeanette,GenderFemale,FirstName
Jeff,GenderMale,FirstName
Jeffrey,GenderMale,FirstName
Jemma,GenderFemale,FirstName
Jen,GenderFemale,FirstName
Jenna,GenderFemale,FirstName
Jenni,GenderFemale,FirstName
Jennie,GenderFemale,FirstName
Jennifer,GenderFemale,FirstName
Jenny,GenderFemale,FirstName
Jeremy,GenderMale,FirstName
Jerry,GenderMale,FirstName
Jess,GenderFemale,FirstName
Jesse,GenderMale,FirstName
Jessica,GenderFemale,FirstName
Jessie,GenderFemale,FirstName
Jignesh,GenderMale,FirstName
Jill,GenderFemale,FirstName
Jim,GenderMale,FirstName
Jimmy,GenderMale,FirstName
Jo,GenderFemale,FirstName
Joan,GenderFemale,FirstName
Joanna,GenderFemale,FirstName
Joanne,GenderFemale,FirstName
Jodie,GenderFemale,FirstName
Jody,GenderFemale,FirstName
Joe,GenderMale,FirstName
Joel,GenderMale,FirstName
Joey,GenderMale,FirstName
John,GenderMale,FirstName
Johnny,GenderMale,FirstName
Jojo,GenderFemale,FirstName
Jon,GenderMale,FirstName
Jonathan,GenderMale,FirstName
Jonathon,GenderMale,FirstName
Jonny,GenderMale,FirstName
Jordan,GenderMale,FirstName
Jordon,FirstName
Jorge,GenderMale,FirstName
Jose,GenderMale,FirstName
Joseph,GenderMale,FirstName
Josephine,GenderFemale,FirstName
Josh,GenderMale,FirstName
Joshua,GenderMale,FirstName
Josie,GenderFemale,FirstName
Joy,GenderFemale,FirstName
Joyce,GenderFemale,FirstName
Jude,GenderMale,FirstName
Judith,GenderFemale,FirstName
Judy,GenderFemale,FirstName
Jules,GenderFemale,FirstName
Julia,GenderFemale,FirstName
Julian,GenderMale,FirstName
Julie,GenderFemale,FirstName
Juliet,GenderFemale,FirstName
June,GenderFemale,FirstName
Justin,GenderMale,FirstName
Justine,GenderMale,FirstName
Justyna,GenderFemale,FirstName
Kai,GenderMale,FirstName
Kaitlin,GenderFemale,FirstName
Kamal,GenderMale,FirstName
Kamil,GenderMale,FirstName
Kane,GenderMale,FirstName
Kara,GenderFemale,FirstName
Karan,GenderMale,FirstName
Karen,GenderFemale,FirstName
Karina,GenderFemale,FirstName
Karl,GenderMale,FirstName
Karla,GenderFemale,FirstName
Karol,GenderMale,FirstName
Karolina,GenderFemale,FirstName
Kasia,GenderFemale,FirstName
Kat,GenderFemale,FirstName
Katarzyna,GenderFemale,FirstName
Kate,GenderFemale,FirstName
Kath,GenderFemale,FirstName
Katherine,GenderFemale,FirstName
Kathleen,GenderFemale,FirstName
Kathryn,GenderFemale,FirstName
Kathy,GenderFemale,FirstName
Katie,GenderFemale,FirstName
Katrina,GenderFemale,FirstName
Katy,GenderFemale,FirstName
Kay,FirstName
Kayla,GenderFemale,FirstName
Kayleigh,GenderFemale,FirstName
Keeley,GenderFemale,FirstName
Keith,GenderMale,FirstName
Kellie,GenderFemale,FirstName
Kelly,GenderFemale,FirstName
Kelsey,GenderFemale,FirstName
Kelvin,GenderMale,FirstName
Ken,GenderMale,FirstName
Kenneth,GenderMale,FirstName
Kenny,GenderMale,FirstName
Kerri,GenderFemale,FirstName
Kerrie,GenderFemale,FirstName
Kerry,GenderFemale,FirstName
Ketan,GenderMale,FirstName
Kev,GenderMale,FirstName
Kevin,GenderMale,FirstName
Khalid,GenderMale,FirstName
Kian,GenderMale,FirstName
Kieran,GenderMale,FirstName
Kieron,GenderMale,FirstName
Kim,FirstName
Kimberley,GenderFemale,FirstName
Kiran,GenderFemale,FirstName
Kirsten,GenderFemale,FirstName
Kirstie,GenderFemale,FirstName
Kirsty,GenderFemale,FirstName
Klaudia,GenderFemale,FirstName
Konrad,GenderMale,FirstName
Kris,GenderMale,FirstName
Krishna,GenderFemale,FirstName
Kristian,GenderMale,FirstName
Kristina,GenderFemale,FirstName
Krzysztof,GenderMale,FirstName
Kurt,GenderMale,FirstName
Kurtis,GenderMale,FirstName
Kyle,GenderMale,FirstName
Kylie,GenderFemale,FirstName
Lana,GenderFemale,FirstName
Lara,GenderFemale,FirstName
Laura,GenderFemale,FirstName
Lauren,GenderFemale,FirstName
Laurence,GenderMale,FirstName
Laurie,GenderMale,FirstName
Lawrence,GenderMale,FirstName
Layla,GenderFemale,FirstName
Lea,GenderFemale,FirstName
Leah,GenderFemale,FirstName
Leanne,GenderFemale,FirstName
Lee,GenderMale,FirstName
Leeanne,GenderFemale,FirstName
Leigh,GenderMale,FirstName
Leighton,GenderMale,FirstName
Leila,GenderFemale,FirstName
Leo,GenderMale,FirstName
Leon,GenderMale,FirstName
Les,GenderMale,FirstName
Lesley,GenderFemale,FirstName
Leslie,GenderMale,FirstName
Levi,GenderMale,FirstName
Lewis,GenderMale,FirstName
Li,GenderFemale,FirstName
Liam,GenderMale,FirstName
Lianne,GenderFemale,FirstName
Libby,GenderFemale,FirstName
Lilly,GenderFemale,FirstName
Lily,GenderFemale,FirstName
Lin,GenderMale,FirstName
Linda,GenderFemale,FirstName
Lindsay,GenderFemale,FirstName
Lindsey,GenderFemale,FirstName
Linzi,GenderFemale,FirstName
Lisa,GenderFemale,FirstName
Liv,GenderFemale,FirstName
Liz,GenderFemale,FirstName
Liza,GenderFemale,FirstName
Lizzie,GenderFemale,FirstName
Lizzy,GenderFemale,FirstName
Lloyd,GenderMale,FirstName
Logan,GenderMale,FirstName
Lois,GenderFemale,FirstName
Lola,GenderFemale,FirstName
Loren,GenderFemale,FirstName
Lorna,GenderFemale,FirstName
Lorraine,GenderFemale,FirstName
Lou,GenderFemale,FirstName
Louie,GenderMale,FirstName
Louis,GenderMale,FirstName
Louisa,GenderFemale,FirstName
Louise,GenderFemale,FirstName
Luca,GenderMale,FirstName
Lucas,GenderMale,FirstName
Lucia,GenderFemale,FirstName
Lucie,GenderFemale,FirstName
Lucy,GenderFemale,FirstName
Luis,GenderMale,FirstName
Lukasz,GenderMale,FirstName
Luke,GenderMale,FirstName
Lydia,GenderFemale,FirstName
Lyn,GenderFemale,FirstName
Lynda,GenderFemale,FirstName
Lyndsey,GenderFemale,FirstName
Lynn,GenderFemale,FirstName
Lynne,GenderFemale,FirstName
Lynsey,GenderFemale,FirstName
Maddie,GenderFemale,FirstName
Magda,GenderFemale,FirstName
Magdalena,GenderFemale,FirstName
Maggie,GenderFemale,FirstName
Mags,GenderFemale,FirstName
Mahesh,GenderMale,FirstName
Maisie,GenderFemale,FirstName
Maja,GenderFemale,FirstName
Malcolm,GenderMale,FirstName
Malgorzata,GenderFemale,FirstName
Mandy,GenderFemale,FirstName
Manish,GenderMale,FirstName
Manoj,GenderMale,FirstName
Manuel,GenderMale,FirstName
Marc,GenderMale,FirstName
Marcin,GenderMale,FirstName
Marco,GenderMale,FirstName
Marcus,GenderMale,FirstName
Marek,GenderMale,FirstName
Margaret,GenderFemale,FirstName
Mari,GenderFemale,FirstName
Maria,GenderFemale,FirstName
Marian,GenderFemale,FirstName
Marianne,GenderFemale,FirstName
Marie,GenderFemale,FirstName
Marilyn,GenderFemale,FirstName
Marina,GenderFemale,FirstName
Mario,GenderMale,FirstName
Marion,GenderFemale,FirstName
Mariusz,GenderMale,FirstName
Marjorie,GenderFemale,FirstName
Mark,GenderMale,FirstName
Marta,GenderFemale,FirstName
Martha,GenderFemale,FirstName
Martin,GenderMale,FirstName
Martina,GenderFemale,FirstName
Marty,GenderMale,FirstName
Martyn,GenderMale,FirstName
Mary,GenderFemale,FirstName
Mason,GenderMale,FirstName
Mat,GenderMale,FirstName
Mateusz,GenderMale,FirstName
Mathew,GenderMale,FirstName
Matt,GenderMale,FirstName
Matthew,GenderMale,FirstName
Matty,GenderMale,FirstName
Maureen,GenderFemale,FirstName
Maurice,GenderMale,FirstName
Max,GenderMale,FirstName
Maxine,GenderFemale,FirstName
May,GenderFemale,FirstName
Maya,GenderFemale,FirstName
Mayur,GenderMale,FirstName
Meg,GenderFemale,FirstName
Megan,GenderFemale,FirstName
Mehul,GenderMale,FirstName
Mel,GenderFemale,FirstName
Melanie,GenderFemale,FirstName
Melissa,GenderFemale,FirstName
Mia,GenderFemale,FirstName
Michael,GenderMale,FirstName
Michaela,GenderFemale,FirstName
Michal,GenderMale,FirstName
Micheal,GenderMale,FirstName
Michele,GenderMale,FirstName
Michelle,GenderFemale,FirstName
Mick,GenderMale,FirstName
Mickey,GenderMale,FirstName
Micky,GenderMale,FirstName
Miguel,GenderMale,FirstName
Mike,GenderMale,FirstName
Mikey,GenderMale,FirstName
Milan,GenderMale,FirstName
Miles,GenderMale,FirstName
Millie,GenderFemale,FirstName
Milly,GenderFemale,FirstName
Miriam,GenderFemale,FirstName
Mitch,GenderMale,FirstName
Mitchell,GenderMale,FirstName
Mo,FirstName
Mohammad,GenderMale,FirstName
Mohammed,GenderMale,FirstName
Moira,GenderFemale,FirstName
Mollie,GenderFemale,FirstName
Molly,GenderFemale,FirstName
Monica,GenderFemale,FirstName
Monika,GenderFemale,FirstName
Morgan,GenderMale,FirstName
Muhammad,GenderMale,FirstName
Mustafa,GenderMale,FirstName
Myles,GenderMale,FirstName
Nadeem,GenderFemale,FirstName
Nadia,GenderFemale,FirstName
Nadine,GenderFemale,FirstName
Nancy,GenderFemale,FirstName
Naomi,GenderFemale,FirstName
Nat,GenderFemale,FirstName
Natalia,GenderFemale,FirstName
Natalie,GenderFemale,FirstName
Natasha,GenderFemale,FirstName
Nathan,GenderMale,FirstName
Nathaniel,GenderMale,FirstName
Nayan,GenderMale,FirstName
Neal,GenderMale,FirstName
Neil,GenderMale,FirstName
Niall,GenderMale,FirstName
Niamh,GenderFemale,FirstName
Nic,GenderMale,FirstName
Nichola,GenderFemale,FirstName
Nicholas,GenderMale,FirstName
Nick,GenderMale,FirstName
Nicki,GenderFemale,FirstName
Nicky,GenderFemale,FirstName
Nicola,GenderFemale,FirstName
Nicolas,GenderMale,FirstName
Nicole,GenderFemale,FirstName
Nigel,GenderMale,FirstName
Niki,GenderFemale,FirstName
Nikita,GenderFemale,FirstName
Nikki,GenderFemale,FirstName
Nilesh,GenderMale,FirstName
Nina,GenderFemale,FirstName
Noel,GenderMale,FirstName
Norma,GenderFemale,FirstName
Norman,GenderMale,FirstName
Olga,GenderFemale,FirstName
Oli,GenderMale,FirstName
Oliver,GenderMale,FirstName
Olivia,GenderFemale,FirstName
Ollie,GenderMale,FirstName
Olly,GenderMale,FirstName
Omar,GenderMale,FirstName
Oscar,GenderMale,FirstName
Owain,GenderMale,FirstName
Owen,GenderMale,FirstName
Pablo,GenderMale,FirstName
Paddy,GenderMale,FirstName
Paige,GenderFemale,FirstName
Pam,GenderFemale,FirstName
Pamela,GenderFemale,FirstName
Pankaj,GenderMale,FirstName
Paresh,GenderMale,FirstName
Paris,GenderFemale,FirstName
Parth,GenderMale,FirstName
Pat,GenderFemale,FirstName
Patel,GenderMale,FirstName
Patricia,GenderFemale,FirstName
Patrick,GenderMale,FirstName
Patrycja,GenderFemale,FirstName
Patryk,GenderMale,FirstName
Patsy,GenderFemale,FirstName
Paul,GenderMale,FirstName
Paula,GenderFemale,FirstName
Paulina,GenderFemale,FirstName
Pauline,GenderFemale,FirstName
Pawel,GenderMale,FirstName
Pedro,GenderMale,FirstName
Penny,GenderFemale,FirstName
Pete,GenderMale,FirstName
Peter,GenderMale,FirstName
Phil,GenderMale,FirstName
Philip,GenderMale,FirstName
Philippa,GenderFemale,FirstName
Phillip,GenderMale,FirstName
Phoebe,GenderFemale,FirstName
Pierre,GenderMale,FirstName
Piotr,GenderMale,FirstName
Pippa,GenderFemale,FirstName
Piyush,GenderMale,FirstName
Polly,GenderFemale,FirstName
Poppy,GenderFemale,FirstName
Pratik,GenderMale,FirstName
Rach,GenderFemale,FirstName
Rachael,GenderFemale,FirstName
Rachel,GenderFemale,FirstName
Rafal,GenderMale,FirstName
Rahul,GenderMale,FirstName
Raj,GenderMale,FirstName
Raja,GenderMale,FirstName
Rajesh,GenderMale,FirstName
Raju,GenderMale,FirstName
Rakesh,GenderMale,FirstName
Ralph,GenderMale,FirstName
Ramesh,GenderMale,FirstName
Ravi,GenderMale,FirstName
Ray,GenderMale,FirstName
Raymond,GenderMale,FirstName
Rebecca,GenderFemale,FirstName
Rebekah,GenderFemale,FirstName
Reece,GenderMale,FirstName
Renata,GenderFemale,FirstName
Rhian,GenderFemale,FirstName
Rhiannon,GenderFemale,FirstName
Rhonda,GenderMale,FirstName
Rhys,GenderMale,FirstName
Ricardo,GenderMale,FirstName
Rich,GenderMale,FirstName
Richard,GenderMale,FirstName
Richie,GenderMale,FirstName
Rick,GenderMale,FirstName
Ricky,GenderMale,FirstName
Riley,FirstName
Rita,GenderFemale,FirstName
Rob,GenderMale,FirstName
Robbie,GenderMale,FirstName
Robert,GenderMale,FirstName
Robin,GenderMale,FirstName
Robyn,GenderFemale,FirstName
Rodney,GenderMale,FirstName
Roger,GenderMale,FirstName
Rohan,GenderMale,FirstName
Rohit,GenderMale,FirstName
Roman,GenderMale,FirstName
Ron,GenderMale,FirstName
Ronald,GenderMale,FirstName
Ronan,GenderMale,FirstName
Ronnie,GenderMale,FirstName
Rory,GenderMale,FirstName
Rosa,GenderFemale,FirstName
Rose,GenderFemale,FirstName
Rosemary,GenderFemale,FirstName
Rosie,GenderFemale,FirstName
Ross,GenderMale,FirstName
Rowan,GenderMale,FirstName
Roxanne,GenderFemale,FirstName
Roy,GenderMale,FirstName
Ruby,GenderFemale,FirstName
Rui,GenderFemale,FirstName
Russ,GenderMale,FirstName
Russell,GenderMale,FirstName
Ruth,GenderFemale,FirstName
Ryan,GenderMale,FirstName
Sabrina,GenderFemale,FirstName
Sachin,GenderMale,FirstName
Sadie,GenderFemale,FirstName
Sagar,GenderMale,FirstName
Sally,GenderFemale,FirstName
Sam,GenderMale,FirstName
Samantha,GenderFemale,FirstName
Sami,GenderFemale,FirstName
Sammy,FirstName
Samuel,GenderMale,FirstName
Sandie,GenderFemale,FirstName
Sandra,GenderFemale,FirstName
Sandy,GenderMale,FirstName
Sanjay,GenderMale,FirstName
Sara,GenderFemale,FirstName
Sarah,GenderFemale,FirstName
Sasha,GenderFemale,FirstName
Scarlett,GenderFemale,FirstName
Scott,GenderMale,FirstName
Sean,GenderMale,FirstName
Sebastian,GenderMale,FirstName
Selina,GenderFemale,FirstName
Serena,GenderFemale,FirstName
Shane,GenderMale,FirstName
Shannen,GenderFemale,FirstName
Shannon,GenderFemale,FirstName
Sharon,GenderFemale,FirstName
Sharron,GenderFemale,FirstName
Shaun,GenderMale,FirstName
Shauna,GenderFemale,FirstName
Sheila,GenderFemale,FirstName
Shelby,GenderFemale,FirstName
Shell,GenderFemale,FirstName
Shelley,GenderFemale,FirstName
Shelly,FirstName
Shirley,GenderFemale,FirstName
Shona,GenderFemale,FirstName
Si,GenderMale,FirstName
Sian,GenderFemale,FirstName
Sid,GenderMale,FirstName
Silvia,GenderFemale,FirstName
Simon,GenderMale,FirstName
Simone,GenderFemale,FirstName
Sinead,GenderFemale,FirstName
Siobhan,GenderFemale,FirstName
Skye,GenderFemale,FirstName
Sonia,GenderFemale,FirstName
Sonny,GenderMale,FirstName
Sonya,GenderFemale,FirstName
Sophia,GenderFemale,FirstName
Sophie,GenderFemale,FirstName
Spencer,GenderMale,FirstName
Stacey,GenderFemale,FirstName
Stacie,GenderFemale,FirstName
Stacy,GenderFemale,FirstName
Stan,FirstName
Stanley,GenderMale,FirstName
Ste,GenderMale,FirstName
Stefan,GenderMale,FirstName
Stella,GenderFemale,FirstName
Steph,GenderFemale,FirstName
Stephanie,GenderFemale,FirstName
Stephen,GenderMale,FirstName
Steve,GenderMale,FirstName
Steven,GenderMale,FirstName
Stevie,GenderMale,FirstName
Stewart,GenderMale,FirstName
Stu,GenderMale,FirstName
Stuart,GenderMale,FirstName
Sue,GenderFemale,FirstName
Summer,GenderFemale,FirstName
Sunil,GenderMale,FirstName
Sunny,GenderMale,FirstName
Suresh,GenderMale,FirstName
Susan,GenderFemale,FirstName
Susie,GenderFemale,FirstName
Suzanne,GenderFemale,FirstName
Suzie,GenderFemale,FirstName
Suzy,GenderFemale,FirstName
Sylvia,GenderFemale,FirstName
Sylwia,GenderFemale,FirstName
Tahir,GenderMale,FirstName
Tam,FirstName
Tamara,GenderFemale,FirstName
Tammy,GenderFemale,FirstName
Tania,GenderFemale,FirstName
Tanya,GenderFemale,FirstName
Tara,GenderFemale,FirstName
Tasha,GenderFemale,FirstName
Taylor,GenderMale,FirstName
Terence,GenderMale,FirstName
Teresa,GenderFemale,FirstName
Terri,GenderFemale,FirstName
Terry,GenderMale,FirstName
Theo,GenderMale,FirstName
Theresa,GenderFemale,FirstName
Thomas,GenderMale,FirstName
Tia,GenderFemale,FirstName
Tiffany,GenderFemale,FirstName
Tilly,GenderFemale,FirstName
Tim,GenderMale,FirstName
Timmy,GenderMale,FirstName
Timothy,GenderFemale,FirstName
Tina,GenderMale,FirstName
Tobias,GenderMale,FirstName
Toby,GenderMale,FirstName
Todd,GenderMale,FirstName
Tom,GenderMale,FirstName
Tomas,GenderMale,FirstName
Tomasz,GenderMale,FirstName
Tommy,GenderMale,FirstName
Toni,GenderFemale,FirstName
Tony,GenderMale,FirstName
Tracey,GenderFemale,FirstName
Tracie,GenderFemale,FirstName
Tracy,GenderFemale,FirstName
Travis,GenderMale,FirstName
Trevor,GenderMale,FirstName
Tricia,GenderFemale,FirstName
Trish,GenderFemale,FirstName
Trisha,GenderFemale,FirstName
Tristan,GenderMale,FirstName
Troy,GenderMale,FirstName
Tyler,GenderMale,FirstName
Tyrone,GenderMale,FirstName
Usman,GenderMale,FirstName
Val,FirstName
Valerie,GenderFemale,FirstName
Vanessa,GenderFemale,FirstName
Vera,GenderFemale,FirstName
Veronica,GenderFemale,FirstName
Vicki,GenderFemale,FirstName
Vicky,GenderFemale,FirstName
Victor,GenderMale,FirstName
Victoria,GenderFemale,FirstName
Vijay,GenderMale,FirstName
Vikki,GenderFemale,FirstName
Vince,GenderMale,FirstName
Vincent,GenderMale,FirstName
Vinod,GenderMale,FirstName
Vipul,GenderMale,FirstName
Vishal,GenderMale,FirstName
Vivek,GenderMale,FirstName
Vivian,GenderFemale,FirstName
Vivienne,GenderFemale,FirstName
Wang,GenderFemale,FirstName
Warren,GenderMale,FirstName
Wayne,GenderMale,FirstName
Wendy,GenderFemale,FirstName
Wesley,GenderMale,FirstName
Will,GenderMale,FirstName
William,GenderMale,FirstName
Wojtek,GenderMale,FirstName
Xin,GenderFemale,FirstName
Yang,GenderMale,FirstName
Yasmin,GenderFemale,FirstName
Yi,GenderMale,FirstName
Yu,GenderFemale,FirstName
Yue,GenderFemale,FirstName
Yvonne,GenderFemale,FirstName
Zac,GenderMale,FirstName
Zahid,GenderMale,FirstName
Zak,GenderMale,FirstName
Zara,GenderFemale,FirstName
Zena,GenderFemale,FirstName
Zhang,GenderFemale,FirstName
Zoe,GenderFemale,FirstName
