Abbott,LastName
Adam,LastName
Adams,LastName
Adamson,LastName
Addison,LastName
Agnew,LastName
Agrawal,LastName
Ahir,LastName
Ahmad,LastName
Ahmed,LastName
Aitchison,LastName
Aitken,LastName
Akhtar,LastName
Alam,LastName
Alderson,LastName
Aldridge,LastName
Alexander,LastName
Ali,LastName
Allan,LastName
Allen,LastName
Allison,LastName
Almond,LastName
Amin,LastName
Amos,LastName
Anderson,LastName
Anderton,LastName
Andrew,LastName
Andrews,LastName
Ann,LastName
Anne,LastName
Anthony,LastName
Appleby,LastName
Appleton,LastName
Archer,LastName
Armitage,LastName
Armstrong,LastName
Arnold,LastName
Arthur,LastName
Ashcroft,LastName
Ashley,LastName
Ashton,LastName
Ashworth,LastName
Aslam,LastName
Aston,LastName
Atherton,LastName
Atkin,LastName
Atkins,LastName
Atkinson,LastName
Austin,LastName
Avery,LastName
Ayres,LastName
Aziz,LastName
Bacon,LastName
Bailey,LastName
Baillie,LastName
Bain,LastName
Bainbridge,LastName
Baines,LastName
Baird,LastName
Baker,LastName
Baldwin,LastName
Ball,LastName
Ballard,LastName
Bamford,LastName
Banks,LastName
Bannister,LastName
Barber,LastName
Barclay,LastName
Barker,LastName
Barlow,LastName
Barnard,LastName
Barnes,LastName
Barnett,LastName
Barr,LastName
Barratt,LastName
Barrett,LastName
Barron,LastName
Barrow,LastName
Barry,LastName
Bartlett,LastName
Barton,LastName
Bashir,LastName
Batchelor,LastName
Bateman,LastName
Bates,LastName
Baxter,LastName
Bayliss,LastName
Beale,LastName
Beattie,LastName
Beaumont,LastName
Beck,LastName
Beckett,LastName
Bedford,LastName
Bee,LastName
Beech,LastName
Beer,LastName
Begum,LastName
Belcher,LastName
Bell,LastName
Bellamy,LastName
Bennett,LastName
Benson,LastName
Bentley,LastName
Berry,LastName
Best,LastName
Betts,LastName
Bevan,LastName
Bfd,LastName
Bhatt,LastName
Bhatti,LastName
Bingham,LastName
Birch,LastName
Bird,LastName
Bishop,LastName
Black,LastName
Blackburn,LastName
Blackmore,LastName
Blackwell,LastName
Blair,LastName
Blake,LastName
Bland,LastName
Boardman,LastName
Boden,LastName
Bolton,LastName
Bond,LastName
Bone,LastName
Booker,LastName
Booth,LastName
Boswell,LastName
Bourne,LastName
Bowden,LastName
Bowen,LastName
Bowers,LastName
Bowler,LastName
Bowles,LastName
Bowman,LastName
Boyce,LastName
Boyd,LastName
Boyle,LastName
Bradbury,LastName
Bradford,LastName
Bradley,LastName
Bradshaw,LastName
Brady,LastName
Brand,LastName
Bray,LastName
Brennan,LastName
Brett,LastName
Brewer,LastName
Bridge,LastName
Brierley,LastName
Briggs,LastName
Bright,LastName
Britton,LastName
Broadbent,LastName
Brodie,LastName
Brook,LastName
Brooke,LastName
Brooker,LastName
Brookes,LastName
Brooks,LastName
Broome,LastName
Brough,LastName
Brown,LastName
Browne,LastName
Browning,LastName
Bruce,LastName
Bryan,LastName
Bryant,LastName
Buchan,LastName
Buchanan,LastName
Buck,LastName
Buckley,LastName
Bull,LastName
Bullock,LastName
Burgess,LastName
Burke,LastName
Burnett,LastName
Burns,LastName
Burrows,LastName
Burt,LastName
Burton,LastName
Bush,LastName
Butcher,LastName
Butler,LastName
Butt,LastName
Butterworth,LastName
Byrne,LastName
Cahill,LastName
Cai,LastName
Cain,LastName
Cairns,LastName
Caldwell,LastName
Callaghan,LastName
Calvert,LastName
Cameron,LastName
Campbell,LastName
Cannon,LastName
Cao,LastName
Carey,LastName
Carmichael,LastName
Carney,LastName
Carpenter,LastName
Carr,LastName
Carrington,LastName
Carroll,LastName
Carson,LastName
Carter,LastName
Cartwright,LastName
Casey,LastName
Cass,LastName
Cassidy,LastName
Castle,LastName
Cave,LastName
Chadwick,LastName
Chalmers,LastName
Chamberlain,LastName
Chambers,LastName
Chan,LastName
Chandler,LastName
Chapman,LastName
Charles,LastName
Charlton,LastName
Chaudhari,LastName
Chaudhary,LastName
Chauhan,LastName
Chavda,LastName
Cheetham,LastName
Chen,LastName
Cheng,LastName
Cherry,LastName
Chester,LastName
Cheung,LastName
Childs,LastName
Choudhury,LastName
Chowdhury,LastName
Christie,LastName
Church,LastName
Clare,LastName
Clark,LastName
Clarke,LastName
Clarkson,LastName
Clayton,LastName
Cleary,LastName
Clegg,LastName
Clements,LastName
Clifford,LastName
Close,LastName
Clough,LastName
Coates,LastName
Cochrane,LastName
Cole,LastName
Coleman,LastName
Coles,LastName
Collett,LastName
Collier,LastName
Collins,LastName
Compton,LastName
Connell,LastName
Connelly,LastName
Connolly,LastName
Connor,LastName
Conroy,LastName
Conway,LastName
Cook,LastName
Cooke,LastName
Coombs,LastName
Cooper,LastName
Cope,LastName
Corbett,LastName
Corr,LastName
Corrigan,LastName
Cosgrove,LastName
Costa,LastName
Costello,LastName
Cotton,LastName
Coulson,LastName
Coupland,LastName
Courtney,LastName
Cousins,LastName
Cowan,LastName
Cowell,LastName
Cowley,LastName
Cox,LastName
Coyle,LastName
Craig,LastName
Crane,LastName
Craven,LastName
Crawford,LastName
Cresswell,LastName
Croft,LastName
Crompton,LastName
Crook,LastName
Crosby,LastName
Cross,LastName
Crossley,LastName
Crowe,LastName
Crowther,LastName
Cruz,LastName
Cullen,LastName
Cummings,LastName
Cummins,LastName
Cunningham,LastName
Curran,LastName
Currie,LastName
Curry,LastName
Curtis,LastName
Cuthbert,LastName
Dale,LastName
Dalton,LastName
Daly,LastName
Dan,LastName
Daniel,LastName
Daniels,LastName
Darby,LastName
Dave,LastName
Davenport,LastName
Davey,LastName
David,LastName
Davidson,LastName
Davies,LastName
Davis,LastName
Davison,LastName
Dawson,LastName
Day,LastName
Deacon,LastName
Deakin,LastName
Dean,LastName
Dee,LastName
Delaney,LastName
Dempsey,LastName
Deng,LastName
Dennis,LastName
Dent,LastName
Denton,LastName
Desai,LastName
Devine,LastName
Devlin,LastName
Diamond,LastName
Dickens,LastName
Dickinson,LastName
Dickson,LastName
Dillon,LastName
Ding,LastName
Dixon,LastName
Dobson,LastName
Docherty,LastName
Dodd,LastName
Dodds,LastName
Doherty,LastName
Don,LastName
Donald,LastName
Donaldson,LastName
Donnelly,LastName
Donovan,LastName
Doran,LastName
Douglas,LastName
Dowling,LastName
Downey,LastName
Downing,LastName
Downs,LastName
Doyle,LastName
Drake,LastName
Draper,LastName
Drew,LastName
Driscoll,LastName
Drummond,LastName
Drury,LastName
Du,LastName
Dudley,LastName
Duff,LastName
Duffy,LastName
Duggan,LastName
Duke,LastName
Dunbar,LastName
Duncan,LastName
Dunn,LastName
Dunne,LastName
Durrant,LastName
Dutton,LastName
Dyer,LastName
Dyson,LastName
Earl,LastName
Easton,LastName
Eastwood,LastName
Eaton,LastName
Eccles,LastName
Edgar,LastName
Edge,LastName
Edmonds,LastName
Edwards,LastName
Egan,LastName
Elizabeth,LastName
Elliott,LastName
Ellis,LastName
Ellison,LastName
Emery,LastName
English,LastName
Evans,LastName
Fagan,LastName
Fang,LastName
Farmer,LastName
Farrell,LastName
Farrington,LastName
Farrow,LastName
Faulkner,LastName
Fawcett,LastName
Fellows,LastName
Feng,LastName
Fenton,LastName
Ferguson,LastName
Fernandes,LastName
Fernandez,LastName
Ferreira,LastName
Field,LastName
Fielding,LastName
Finch,LastName
Findlay,LastName
Finlay,LastName
Finn,LastName
Finney,LastName
Firth,LastName
Fish,LastName
Fisher,LastName
Fitzgerald,LastName
Fitzpatrick,LastName
Flanagan,LastName
Fleming,LastName
Fletcher,LastName
Flynn,LastName
Foley,LastName
Forbes,LastName
Ford,LastName
Forrest,LastName
Forrester,LastName
Forster,LastName
Forsyth,LastName
Foster,LastName
Fowler,LastName
Fox,LastName
Foy,LastName
Francis,LastName
Franklin,LastName
Franks,LastName
Fraser,LastName
Freeman,LastName
French,LastName
Frost,LastName
Fry,LastName
Fu,LastName
Fuller,LastName
Gale,LastName
Gallacher,LastName
Gallagher,LastName
Galloway,LastName
Gamble,LastName
Gandhi,LastName
Gao,LastName
Gardiner,LastName
Gardner,LastName
Garner,LastName
Garrett,LastName
Garside,LastName
Gates,LastName
Gee,LastName
George,LastName
Gibbons,LastName
Gibbs,LastName
Gibson,LastName
Gilbert,LastName
Gilchrist,LastName
Giles,LastName
Gill,LastName
Gillard,LastName
Gillespie,LastName
Gilmour,LastName
Glass,LastName
Glover,LastName
Goddard,LastName
Godfrey,LastName
Gohil,LastName
Golding,LastName
Gonzalez,LastName
Goodall,LastName
Goodman,LastName
Goodwin,LastName
Gordon,LastName
Gore,LastName
Gorman,LastName
Gosling,LastName
Gough,LastName
Gould,LastName
Grace,LastName
Graham,LastName
Grainger,LastName
Grant,LastName
Graves,LastName
Gray,LastName
Greaves,LastName
Green,LastName
Greene,LastName
Greenhalgh,LastName
Greenwood,LastName
Greer,LastName
Gregory,LastName
Greig,LastName
Griffin,LastName
Griffith,LastName
Griffiths,LastName
Grimshaw,LastName
Groom,LastName
Grove,LastName
Groves,LastName
Guest,LastName
Gunn,LastName
Guo,LastName
Gupta,LastName
Guy,LastName
Hadley,LastName
Hague,LastName
Haigh,LastName
Haines,LastName
Hale,LastName
Hall,LastName
Hallam,LastName
Halliday,LastName
Halliwell,LastName
Hamer,LastName
Hamilton,LastName
Hammond,LastName
Hampson,LastName
Hampton,LastName
Han,LastName
Hancock,LastName
Hannah,LastName
Hanson,LastName
Hardie,LastName
Harding,LastName
Hardman,LastName
Hardy,LastName
Hargreaves,LastName
Harley,LastName
Harman,LastName
Harper,LastName
Harrington,LastName
Harris,LastName
Harrison,LastName
Hart,LastName
Hartley,LastName
Harvey,LastName
Harwood,LastName
Haslam,LastName
Hassan,LastName
Hatfield,LastName
Hatton,LastName
Hawkes,LastName
Hawkins,LastName
Hay,LastName
Hayden,LastName
Hayes,LastName
Haynes,LastName
Hayward,LastName
Haywood,LastName
He,LastName
Head,LastName
Healey,LastName
Healy,LastName
Heath,LastName
Heaton,LastName
Hedley,LastName
Henderson,LastName
Hendry,LastName
Henry,LastName
Henshaw,LastName
Herbert,LastName
Hetherington,LastName
Hewitt,LastName
Heywood,LastName
Hickman,LastName
Hicks,LastName
Higgins,LastName
Higgs,LastName
Hill,LastName
Hillier,LastName
Hills,LastName
Hilton,LastName
Hirst,LastName
Ho,LastName
Hoare,LastName
Hobbs,LastName
Hobson,LastName
Hodge,LastName
Hodges,LastName
Hodgkinson,LastName
Hodgson,LastName
Hodson,LastName
Hogan,LastName
Hogg,LastName
Holden,LastName
Holder,LastName
Holland,LastName
Hollis,LastName
Holloway,LastName
Holmes,LastName
Holt,LastName
Hood,LastName
Hooper,LastName
Hope,LastName
Hopkins,LastName
Hopkinson,LastName
Horne,LastName
Horton,LastName
Hough,LastName
Houghton,LastName
Houston,LastName
Howard,LastName
Howarth,LastName
Howe,LastName
Howell,LastName
Howells,LastName
Howes,LastName
Hu,LastName
Huang,LastName
Hubbard,LastName
Hudson,LastName
Hughes,LastName
Hull,LastName
Hume,LastName
Humphrey,LastName
Humphreys,LastName
Humphries,LastName
Hunt,LastName
Hunter,LastName
Hurst,LastName
Hussain,LastName
Hutchings,LastName
Hutchinson,LastName
Hutchison,LastName
Hutton,LastName
Hyde,LastName
Ingham,LastName
Ingram,LastName
Innes,LastName
Iqbal,LastName
Ireland,LastName
Irvine,LastName
Irving,LastName
Isherwood,LastName
Islam,LastName
Ismail,LastName
Ives,LastName
Jack,LastName
Jackson,LastName
Jacobs,LastName
Jadav,LastName
Jade,LastName
Jadeja,LastName
Jain,LastName
James,LastName
Jamieson,LastName
Jane,LastName
Jarvis,LastName
Jay,LastName
Jayne,LastName
Jeffery,LastName
Jeffrey,LastName
Jenkins,LastName
Jenkinson,LastName
Jennings,LastName
Jiang,LastName
Jin,LastName
John,LastName
Johns,LastName
Johnson,LastName
Johnston,LastName
Johnstone,LastName
Jones,LastName
Jordan,LastName
Joseph,LastName
Joshi,LastName
Joyce,LastName
Judge,LastName
Kane,LastName
Kaur,LastName
Kavanagh,LastName
Kay,LastName
Keegan,LastName
Keeling,LastName
Keen,LastName
Keenan,LastName
Kelly,LastName
Kemp,LastName
Kendall,LastName
Kennedy,LastName
Kenny,LastName
Kent,LastName
Kenyon,LastName
Kerr,LastName
Kerry,LastName
Kershaw,LastName
Khalil,LastName
Khan,LastName
Kidd,LastName
Kim,LastName
King,LastName
Kirby,LastName
Kirk,LastName
Kirkham,LastName
Knight,LastName
Knowles,LastName
Knox,LastName
Kumar,LastName
Kyle,LastName
Lacey,LastName
Lafferty,LastName
Lake,LastName
Lamb,LastName
Lambert,LastName
Lancaster,LastName
Lane,LastName
Lang,LastName
Langford,LastName
Langley,LastName
Larkin,LastName
Latham,LastName
Lavery,LastName
Law,LastName
Lawlor,LastName
Lawrence,LastName
Lawson,LastName
Lawton,LastName
Lea,LastName
Leach,LastName
Lee,LastName
Lees,LastName
Leigh,LastName
Leighton,LastName
Lennon,LastName
Leonard,LastName
Lewis,LastName
Li,LastName
Liang,LastName
Liddle,LastName
Lin,LastName
Lindsay,LastName
Lister,LastName
Little,LastName
Liu,LastName
Llewellyn,LastName
Lloyd,LastName
Lock,LastName
Lockwood,LastName
Lodge,LastName
Logan,LastName
Lomas,LastName
Lomax,LastName
London,LastName
Long,LastName
Lord,LastName
Lou,LastName
Louise,LastName
Love,LastName
Lovell,LastName
Low,LastName
Lowe,LastName
Lowry,LastName
Lu,LastName
Lucas,LastName
Lunn,LastName
Luo,LastName
Lynch,LastName
Lynn,LastName
Lyon,LastName
Lyons,LastName
Ma,LastName
Mac,LastName
Macdonald,LastName
Macfarlane,LastName
Mack,LastName
Mackay,LastName
Mackenzie,LastName
Mackie,LastName
Mackinnon,LastName
Maclean,LastName
Macleod,LastName
Maddison,LastName
Magee,LastName
Maguire,LastName
Maher,LastName
Mahmood,LastName
Major,LastName
Makwana,LastName
Malcolm,LastName
Malik,LastName
Malone,LastName
Man,LastName
Mann,LastName
Manning,LastName
Mansell,LastName
Mansfield,LastName
Marie,LastName
Marks,LastName
Marr,LastName
Marriott,LastName
Marsden,LastName
Marsh,LastName
Marshall,LastName
Martin,LastName
Martinez,LastName
Martins,LastName
Mason,LastName
Massey,LastName
Masters,LastName
Mather,LastName
Matthews,LastName
Maxwell,LastName
May,LastName
Mc,LastName
Mcallister,LastName
Mcbride,LastName
Mccabe,LastName
Mccallum,LastName
Mccann,LastName
Mccarthy,LastName
Mccloskey,LastName
Mcclure,LastName
Mccoll,LastName
Mcconnell,LastName
Mccormack,LastName
Mccormick,LastName
Mcculloch,LastName
Mcdermott,LastName
Mcdonagh,LastName
Mcdonald,LastName
Mcdonnell,LastName
Mcdougall,LastName
Mcewan,LastName
Mcfarlane,LastName
Mcgarry,LastName
Mcgee,LastName
Mcghee,LastName
Mcgowan,LastName
Mcgrath,LastName
Mcgregor,LastName
Mcguinness,LastName
Mcguire,LastName
Mcintosh,LastName
Mcintyre,LastName
Mckay,LastName
Mckee,LastName
Mckenna,LastName
Mckenzie,LastName
Mckeown,LastName
Mcknight,LastName
Mclaren,LastName
Mclaughlin,LastName
Mclean,LastName
Mcleod,LastName
Mcloughlin,LastName
Mcmahon,LastName
Mcmanus,LastName
Mcmillan,LastName
Mcnally,LastName
Mcnamara,LastName
Mcneill,LastName
Mcpherson,LastName
Mcshane,LastName
Mead,LastName
Meek,LastName
Mehta,LastName
Mellor,LastName
Mercer,LastName
Meredith,LastName
Metcalfe,LastName
Miah,LastName
Michael,LastName
Middleton,LastName
Miles,LastName
Millar,LastName
Miller,LastName
Milligan,LastName
Millington,LastName
Mills,LastName
Milne,LastName
Milner,LastName
Milton,LastName
Mirza,LastName
Mistry,LastName
Mitchell,LastName
Modi,LastName
Moffat,LastName
Mohamed,LastName
Mohammed,LastName
Molloy,LastName
Monaghan,LastName
Monk,LastName
Montgomery,LastName
Moody,LastName
Moon,LastName
Mooney,LastName
Moore,LastName
Moran,LastName
Morgan,LastName
Morley,LastName
Morris,LastName
Morrison,LastName
Mortimer,LastName
Morton,LastName
Moss,LastName
Mountain,LastName
Mountford,LastName
Mowbray,LastName
Muir,LastName
Mullan,LastName
Mullen,LastName
Mullins,LastName
Munro,LastName
Murphy,LastName
Murray,LastName
Myers,LastName
Nash,LastName
Nawaz,LastName
Naylor,LastName
Neal,LastName
Neale,LastName
Needham,LastName
Neill,LastName
Nelson,LastName
Neville,LastName
New,LastName
Newby,LastName
Newell,LastName
Newman,LastName
Newton,LastName
Nguyen,LastName
Ni,LastName
Nicholas,LastName
Nicholls,LastName
Nichols,LastName
Nicholson,LastName
Nicol,LastName
Nightingale,LastName
Nixon,LastName
Noble,LastName
Nolan,LastName
Norman,LastName
Norris,LastName
North,LastName
Norton,LastName
Nowak,LastName
Nugent,LastName
Nunn,LastName
Oakes,LastName
Oakley,LastName
Obrien,LastName
Oconnell,LastName
Oconnor,LastName
Odell,LastName
Odonnell,LastName
Ogden,LastName
Ogrady,LastName
Ohara,LastName
Ohare,LastName
Oleary,LastName
Oliveira,LastName
Oliver,LastName
Oneil,LastName
Oneill,LastName
Oreilly,LastName
Orourke,LastName
Orr,LastName
Osborne,LastName
Osullivan,LastName
Otoole,LastName
Owen,LastName
Owens,LastName
Page,LastName
Palmer,LastName
Pan,LastName
Panchal,LastName
Park,LastName
Parker,LastName
Parkes,LastName
Parkin,LastName
Parkinson,LastName
Parmar,LastName
Parr,LastName
Parry,LastName
Parsons,LastName
Partridge,LastName
Patel,LastName
Paterson,LastName
Paton,LastName
Patterson,LastName
Pattison,LastName
Paul,LastName
Payne,LastName
Peacock,LastName
Pearce,LastName
Pearson,LastName
Peng,LastName
Penny,LastName
Pereira,LastName
Perkins,LastName
Perry,LastName
Peters,LastName
Phillips,LastName
Philpott,LastName
Phipps,LastName
Pickering,LastName
Pierce,LastName
Pike,LastName
Pinder,LastName
Pinto,LastName
Piper,LastName
Pitt,LastName
Platt,LastName
Pollard,LastName
Pollock,LastName
Poole,LastName
Pope,LastName
Porter,LastName
Potter,LastName
Potts,LastName
Powell,LastName
Power,LastName
Prajapati,LastName
Pratt,LastName
Preece,LastName
Preston,LastName
Price,LastName
Priest,LastName
Prince,LastName
Prior,LastName
Pritchard,LastName
Proctor,LastName
Pugh,LastName
Pullen,LastName
Purcell,LastName
Purvis,LastName
Quinn,LastName
Radford,LastName
Rae,LastName
Rahman,LastName
Raj,LastName
Raja,LastName
Rajput,LastName
Ralph,LastName
Ramsay,LastName
Ramsden,LastName
Ramsey,LastName
Rana,LastName
Randall,LastName
Rankin,LastName
Rashid,LastName
Rathod,LastName
Raval,LastName
Ray,LastName
Rayner,LastName
Read,LastName
Reed,LastName
Rees,LastName
Reeve,LastName
Reeves,LastName
Regan,LastName
Rehman,LastName
Reid,LastName
Reilly,LastName
Ren,LastName
Reynolds,LastName
Rhodes,LastName
Rice,LastName
Richards,LastName
Richardson,LastName
Richmond,LastName
Ridley,LastName
Rigby,LastName
Riley,LastName
Ritchie,LastName
Roach,LastName
Robb,LastName
Roberts,LastName
Robertson,LastName
Robins,LastName
Robinson,LastName
Robson,LastName
Rodgers,LastName
Rodriguez,LastName
Roe,LastName
Rogers,LastName
Rogerson,LastName
Rooney,LastName
Roper,LastName
Rose,LastName
Ross,LastName
Rowe,LastName
Rowland,LastName
Rowlands,LastName
Rowley,LastName
Roy,LastName
Rudd,LastName
Rushton,LastName
Russell,LastName
Rutherford,LastName
Rutter,LastName
Ryan,LastName
Ryder,LastName
Sadler,LastName
Sagar,LastName
Salmon,LastName
Salter,LastName
Sampson,LastName
Sanchez,LastName
Sanders,LastName
Sanderson,LastName
Sandhu,LastName
Santos,LastName
Sargent,LastName
Saunders,LastName
Savage,LastName
Sawyer,LastName
Schofield,LastName
Scott,LastName
Seddon,LastName
Selby,LastName
Senior,LastName
Sewell,LastName
Seymour,LastName
Shah,LastName
Shaikh,LastName
Shannon,LastName
Sharkey,LastName
Sharma,LastName
Sharp,LastName
Sharpe,LastName
Shaw,LastName
Shearer,LastName
Sheikh,LastName
Sheldon,LastName
Shen,LastName
Shepherd,LastName
Sheppard,LastName
Sheridan,LastName
Sherwood,LastName
Shi,LastName
Shields,LastName
Shipley,LastName
Short,LastName
Silva,LastName
Simmonds,LastName
Simmons,LastName
Simms,LastName
Simon,LastName
Simons,LastName
Simpson,LastName
Sims,LastName
Sinclair,LastName
Singh,LastName
Singleton,LastName
Skelton,LastName
Skinner,LastName
Slade,LastName
Slater,LastName
Sloan,LastName
Small,LastName
Smart,LastName
Smith,LastName
Smyth,LastName
Snape,LastName
Solanki,LastName
Soni,LastName
Sparkes,LastName
Sparks,LastName
Spence,LastName
Spencer,LastName
Squires,LastName
Stacey,LastName
Stafford,LastName
Stanley,LastName
Stanton,LastName
Stead,LastName
Steel,LastName
Steele,LastName
Steer,LastName
Stephen,LastName
Stephens,LastName
Stephenson,LastName
Stevens,LastName
Stevenson,LastName
Stewart,LastName
Stockton,LastName
Stokes,LastName
Stone,LastName
Stones,LastName
Storey,LastName
Stott,LastName
Street,LastName
Stringer,LastName
Stuart,LastName
Stubbs,LastName
Sullivan,LastName
Summers,LastName
Sumner,LastName
Sun,LastName
Sutcliffe,LastName
Suthar,LastName
Sutherland,LastName
Sutton,LastName
Swain,LastName
Swan,LastName
Sweeney,LastName
Swift,LastName
Sykes,LastName
Taggart,LastName
Tait,LastName
Talbot,LastName
Tan,LastName
Tang,LastName
Tao,LastName
Tate,LastName
Taylor,LastName
Terry,LastName
Thakkar,LastName
Thakor,LastName
Thomas,LastName
Thompson,LastName
Thomson,LastName
Thorne,LastName
Thornton,LastName
Thorpe,LastName
Tian,LastName
Todd,LastName
Tomlinson,LastName
Tong,LastName
Townsend,LastName
Tracey,LastName
Trivedi,LastName
Tucker,LastName
Turnbull,LastName
Turner,LastName
Turton,LastName
Tyler,LastName
Tyson,LastName
Uddin,LastName
Underwood,LastName
Upton,LastName
Urquhart,LastName
Vaghela,LastName
Valentine,LastName
Vasava,LastName
Vaughan,LastName
Vernon,LastName
Vickers,LastName
Vincent,LastName
Wade,LastName
Wainwright,LastName
Waite,LastName
Wakefield,LastName
Walker,LastName
Wall,LastName
Wallace,LastName
Waller,LastName
Wallis,LastName
Walsh,LastName
Walters,LastName
Walton,LastName
Wang,LastName
Warburton,LastName
Ward,LastName
Wardle,LastName
Warner,LastName
Warren,LastName
Warwick,LastName
Waters,LastName
Watkins,LastName
Watson,LastName
Watt,LastName
Watts,LastName
Weaver,LastName
Webb,LastName
Webber,LastName
Webster,LastName
Weeks,LastName
Wei,LastName
Weir,LastName
Welch,LastName
Weller,LastName
Wells,LastName
Welsh,LastName
West,LastName
Weston,LastName
Westwood,LastName
Wharton,LastName
Wheeler,LastName
Whelan,LastName
White,LastName
Whitehead,LastName
Whitehouse,LastName
Whitfield,LastName
Whiting,LastName
Whittaker,LastName
Whittle,LastName
Whitworth,LastName
Whyte,LastName
Wilcox,LastName
Wild,LastName
Wilde,LastName
Wilkes,LastName
Wilkins,LastName
Wilkinson,LastName
Williams,LastName
Williamson,LastName
Willis,LastName
Wills,LastName
Wilson,LastName
Wiltshire,LastName
Winstanley,LastName
Winter,LastName
Wise,LastName
Withers,LastName
Wong,LastName
Wood,LastName
Woodcock,LastName
Woodhouse,LastName
Woods,LastName
Woodward,LastName
Woolley,LastName
Worrall,LastName
Worthington,LastName
Wright,LastName
Wu,LastName
Wyatt,LastName
Wylie,LastName
Xie,LastName
Xu,LastName
Yadav,LastName
Yan,LastName
Yang,LastName
Yao,LastName
Yates,LastName
Ye,LastName
Yin,LastName
Young,LastName
Yu,LastName
Yuan,LastName
Zhang,LastName
Zhao,LastName
Zheng,LastName
Zhou,LastName
Zhu,LastName
Zou,LastName
