Abbot, LastName, Medieval, Fantasy
Adams, LastName, Medieval, Fantasy
Albe, LastName, Medieval, Fantasy
Alden, LastName, Medieval, Fantasy
Aldredg, LastName, Medieval, Fantasy
Aldrige, LastName, Medieval, Fantasy
Alen, LastName, Medieval, Fantasy
Alice, LastName, Medieval, Fantasy
Allen, LastName, Medieval, Fantasy
Allyson, LastName, Medieval, Fantasy
Amyas, LastName, Medieval, Fantasy
Andros, LastName, Medieval, Fantasy
Anne, LastName, Medieval, Fantasy
Arthur, LastName, Medieval, Fantasy
Ashby, LastName, Medieval, Fantasy
Ashbye, LastName, Medieval, Fantasy
Ashfield, LastName, Medieval, Fantasy
Atkins, LastName, Medieval, Fantasy
Atslow, LastName, Medieval, Fantasy
Auldwin, LastName, Medieval, Fantasy
Austen, LastName, Medieval, Fantasy
Austin, LastName, Medieval, Fantasy
Awbye, LastName, Medieval, Fantasy
Awldwin, LastName, Medieval, Fantasy
Axstell, LastName, Medieval, Fantasy
Ayer, LastName, Medieval, Fantasy
Babb, LastName, Medieval, Fantasy
Baker, LastName, Medieval, Fantasy
Bacon, LastName, Medieval, Fantasy
Bampton, LastName, Medieval, Fantasy
Banyster, LastName, Medieval, Fantasy
Barret, LastName, Medieval, Fantasy
Baylay, LastName, Medieval, Fantasy
Baylye, LastName, Medieval, Fantasy
Beaumont, LastName, Medieval, Fantasy
Bedford, LastName, Medieval, Fantasy
Beeche, LastName, Medieval, Fantasy
Beeston, LastName, Medieval, Fantasy
Balgraue, LastName, Medieval, Fantasy
Bovingdon, LastName, Medieval, Fantasy
Bowler, LastName, Medieval, Fantasy
Braye, LastName, Medieval, Fantasy
Brian, LastName, Medieval, Fantasy
Brooke, LastName, Medieval, Fantasy
Bruar, LastName, Medieval, Fantasy
Butcher, LastName, Medieval, Fantasy
Byrch, LastName, Medieval, Fantasy
Caater, LastName, Medieval, Fantasy
Cam, LastName, Medieval, Fantasy
Carbock, LastName, Medieval, Fantasy
Carter, LastName, Medieval, Fantasy
Carnock, LastName, Medieval, Fantasy
Cardell, LastName, Medieval, Fantasy
Chamber, LastName, Medieval, Fantasy
Chedwick, LastName, Medieval, Fantasy
Chenny, LastName, Medieval, Fantasy
Claator, LastName, Medieval, Fantasy
Clator, LastName, Medieval, Fantasy
Clater, LastName, Medieval, Fantasy
Clark, LastName, Medieval, Fantasy
Colins, LastName, Medieval, Fantasy
Coleman, LastName, Medieval, Fantasy
Cordell, LastName, Medieval, Fantasy
Crane, LastName, Medieval, Fantasy
Dale, LastName, Medieval, Fantasy
Darvell, LastName, Medieval, Fantasy
Davis, LastName, Medieval, Fantasy
Davy, LastName, Medieval, Fantasy
Dawes, LastName, Medieval, Fantasy
Deacon, LastName, Medieval, Fantasy
Deane, LastName, Medieval, Fantasy
Derdes, LastName, Medieval, Fantasy
Devet, LastName, Medieval, Fantasy
Devin, LastName, Medieval, Fantasy
Dormer, LastName, Medieval, Fantasy
Dowler, LastName, Medieval, Fantasy
Dycken, LastName, Medieval, Fantasy
Eames, LastName, Medieval, Fantasy
Edenbras, LastName, Medieval, Fantasy
Eaton, LastName, Medieval, Fantasy
Elbright, LastName, Medieval, Fantasy
Exton, LastName, Medieval, Fantasy
Ewer, LastName, Medieval, Fantasy
Farfeild, LastName, Medieval, Fantasy
Favell, LastName, Medieval, Fantasy
Fearne, LastName, Medieval, Fantasy
Field, LastName, Medieval, Fantasy
Ferne, LastName, Medieval, Fantasy
Foord, LastName, Medieval, Fantasy
Ford, LastName, Medieval, Fantasy
Flinte, LastName, Medieval, Fantasy
Foster, LastName, Medieval, Fantasy
Fowler, LastName, Medieval, Fantasy
Francklen, LastName, Medieval, Fantasy
Fryar, LastName, Medieval, Fantasy
Fysher, LastName, Medieval, Fantasy
Fisher, LastName, Medieval, Fantasy
Geerye, LastName, Medieval, Fantasy
Gibbes, LastName, Medieval, Fantasy
Gib, LastName, Medieval, Fantasy
Glouer, LastName, Medieval, Fantasy
Glym, LastName, Medieval, Fantasy
Goldstone, LastName, Medieval, Fantasy
Gosbell, LastName, Medieval, Fantasy
Gosham, LastName, Medieval, Fantasy
Grace, LastName, Medieval, Fantasy
Grauet, LastName, Medieval, Fantasy
Gray, LastName, Medieval, Fantasy
Greene, LastName, Medieval, Fantasy
Greeneway, LastName, Medieval, Fantasy
Grigg, LastName, Medieval, Fantasy
Grover, LastName, Medieval, Fantasy
Gunne, LastName, Medieval, Fantasy
Hammond, LastName, Medieval, Fantasy
Hampden, LastName, Medieval, Fantasy
Harding, LastName, Medieval, Fantasy
Hatton, LastName, Medieval, Fantasy
Hawes, LastName, Medieval, Fantasy
Hawkins, LastName, Medieval, Fantasy
Hawle, LastName, Medieval, Fantasy
Hewes, LastName, Medieval, Fantasy
Hill, LastName, Medieval, Fantasy
Holt, LastName, Medieval, Fantasy
Holmes, LastName, Medieval, Fantasy
Howe, LastName, Medieval, Fantasy
Hughen, LastName, Medieval, Fantasy
Hughins, LastName, Medieval, Fantasy
Hunt, LastName, Medieval, Fantasy
Hurst, LastName, Medieval, Fantasy
Hutton, LastName, Medieval, Fantasy
Idell, LastName, Medieval, Fantasy
Ingelton, LastName, Medieval, Fantasy
Janes, LastName, Medieval, Fantasy
Jerland, LastName, Medieval, Fantasy
Jones, LastName, Medieval, Fantasy
Ketch, LastName, Medieval, Fantasy
Kylby, LastName, Medieval, Fantasy
Kyne, LastName, Medieval, Fantasy
Kyston, LastName, Medieval, Fantasy
Laighton, LastName, Medieval, Fantasy
Langeley, LastName, Medieval, Fantasy
Larkin, LastName, Medieval, Fantasy
Lee, LastName, Medieval, Fantasy
Leeving, LastName, Medieval, Fantasy
Lewys, LastName, Medieval, Fantasy
Lindom, LastName, Medieval, Fantasy
Locke, LastName, Medieval, Fantasy
Longe, LastName, Medieval, Fantasy
Loromer, LastName, Medieval, Fantasy
Marshall, LastName, Medieval, Fantasy
Marson, LastName, Medieval, Fantasy
Martin, LastName, Medieval, Fantasy
Meede, LastName, Medieval, Fantasy
Mereden, LastName, Medieval, Fantasy
Michell, LastName, Medieval, Fantasy
Mildnall, LastName, Medieval, Fantasy
Millington, LastName, Medieval, Fantasy
Milner, LastName, Medieval, Fantasy
Moore, LastName, Medieval, Fantasy
Moreton, LastName, Medieval, Fantasy
Myles, LastName, Medieval, Fantasy
Norris, LastName, Medieval, Fantasy
Norwood, LastName, Medieval, Fantasy
Oak, LastName, Medieval, Fantasy
Oakeley, LastName, Medieval, Fantasy
Oakley, LastName, Medieval, Fantasy
Osbon, LastName, Medieval, Fantasy
Ovyot, LastName, Medieval, Fantasy
Parker, LastName, Medieval, Fantasy
Payne, LastName, Medieval, Fantasy
Paxton, LastName, Medieval, Fantasy
Penlee, LastName, Medieval, Fantasy
Pitkin, LastName, Medieval, Fantasy
Pratt, LastName, Medieval, Fantasy
Rane, LastName, Medieval, Fantasy
Raye, LastName, Medieval, Fantasy
Redway, LastName, Medieval, Fantasy
Reede, LastName, Medieval, Fantasy
Rogers, LastName, Medieval, Fantasy
Roper, LastName, Medieval, Fantasy
Rous, LastName, Medieval, Fantasy
Rowe, LastName, Medieval, Fantasy
Ryse, LastName, Medieval, Fantasy
Salter, LastName, Medieval, Fantasy
Samme, LastName, Medieval, Fantasy
Sandes, LastName, Medieval, Fantasy
Sawcott, LastName, Medieval, Fantasy
Sayer, LastName, Medieval, Fantasy
Settel, LastName, Medieval, Fantasy
Sheer, LastName, Medieval, Fantasy
Shelton, LastName, Medieval, Fantasy
Shorpe, LastName, Medieval, Fantasy
Shyer, LastName, Medieval, Fantasy
Sym, LastName, Medieval, Fantasy
Stevins, LastName, Medieval, Fantasy
Tarr, LastName, Medieval, Fantasy
Taylor, LastName, Medieval, Fantasy
Thorne, LastName, Medieval, Fantasy
Tiler, LastName, Medieval, Fantasy
Tracher, LastName, Medieval, Fantasy
Trump, LastName, Medieval, Fantasy
Turner, LastName, Medieval, Fantasy
Warener, LastName, Medieval, Fantasy
Welles, LastName, Medieval, Fantasy
West, LastName, Medieval, Fantasy
Westcott, LastName, Medieval, Fantasy
Wheatly, LastName, Medieval, Fantasy
Wheeler, LastName, Medieval, Fantasy
White, LastName, Medieval, Fantasy