Aeleis, GenderFemale, FirstName, Medieval, Fantasy
Alina, GenderFemale, FirstName, Medieval, Fantasy
Agatha, GenderFemale, FirstName, Medieval, Fantasy
Agnes, GenderFemale, FirstName, Medieval, Fantasy
Ahelis, GenderFemale, FirstName, Medieval, Fantasy
Aildreda, GenderFemale, FirstName, Medieval, Fantasy
Ailitha, GenderFemale, FirstName, Medieval, Fantasy
Ala, GenderFemale, FirstName, Medieval, Fantasy
Aldid, GenderFemale, FirstName, Medieval, Fantasy
Aldusa, GenderFemale, FirstName, Medieval, Fantasy
Alesia, GenderFemale, FirstName, Medieval, Fantasy
Alice, GenderFemale, FirstName, Medieval, Fantasy
Alina, GenderFemale, FirstName, Medieval, Fantasy
Amabil, GenderFemale, FirstName, Medieval, Fantasy
Amable, GenderFemale, FirstName, Medieval, Fantasy
Amanda, GenderFemale, FirstName, Medieval, Fantasy
Amelina, GenderFemale, FirstName, Medieval, Fantasy
Ameline, GenderFemale, FirstName, Medieval, Fantasy
Amia, GenderFemale, FirstName, Medieval, Fantasy
Amicia, GenderFemale, FirstName, Medieval, Fantasy
Amis, GenderFemale, FirstName, Medieval, Fantasy
Anabel, GenderFemale, FirstName, Medieval, Fantasy
Anna, GenderFemale, FirstName, Medieval, Fantasy
Anora, GenderFemale, FirstName, Medieval, Fantasy
Badelota, GenderFemale, FirstName, Medieval, Fantasy
Barbeta, GenderFemale, FirstName, Medieval, Fantasy
Basilia, GenderFemale, FirstName, Medieval, Fantasy
Beatrice, GenderFemale, FirstName, Medieval, Fantasy
Beatricia, GenderFemale, FirstName, Medieval, Fantasy
Beatrix, GenderFemale, FirstName, Medieval, Fantasy
Bele, GenderFemale, FirstName, Medieval, Fantasy
Berta, GenderFemale, FirstName, Medieval, Fantasy
Bertha, GenderFemale, FirstName, Medieval, Fantasy
Betta, GenderFemale, FirstName, Medieval, Fantasy
Bibele, GenderFemale, FirstName, Medieval, Fantasy
Blitha, GenderFemale, FirstName, Medieval, Fantasy
Burwenna, GenderFemale, FirstName, Medieval, Fantasy
Caesaria, GenderFemale, FirstName, Medieval, Fantasy
Camilla, GenderFemale, FirstName, Medieval, Fantasy
Cassandra, GenderFemale, FirstName, Medieval, Fantasy
Catelin, GenderFemale, FirstName, Medieval, Fantasy
Caterina, GenderFemale, FirstName, Medieval, Fantasy
Catin, GenderFemale, FirstName, Medieval, Fantasy
Cecilia, GenderFemale, FirstName, Medieval, Fantasy
Cecilie, GenderFemale, FirstName, Medieval, Fantasy
Celestria, GenderFemale, FirstName, Medieval, Fantasy
Clara, GenderFemale, FirstName, Medieval, Fantasy
Clarae, GenderFemale, FirstName, Medieval, Fantasy
Claritia, GenderFemale, FirstName, Medieval, Fantasy
Cristiana, GenderFemale, FirstName, Medieval, Fantasy
Cristina, GenderFemale, FirstName, Medieval, Fantasy
Dameta, GenderFemale, FirstName, Medieval, Fantasy
Duva, GenderFemale, FirstName, Medieval, Fantasy
Eda, GenderFemale, FirstName, Medieval, Fantasy
Eddiz, GenderFemale, FirstName, Medieval, Fantasy
Edelina, GenderFemale, FirstName, Medieval, Fantasy
Edith, GenderFemale, FirstName, Medieval, Fantasy
Ediva, GenderFemale, FirstName, Medieval, Fantasy
Edolina, GenderFemale, FirstName, Medieval, Fantasy
Egidia, GenderFemale, FirstName, Medieval, Fantasy
Ela, GenderFemale, FirstName, Medieval, Fantasy
Elaria, GenderFemale, FirstName, Medieval, Fantasy
Elena, GenderFemale, FirstName, Medieval, Fantasy
Elfilda, GenderFemale, FirstName, Medieval, Fantasy
Elvina, GenderFemale, FirstName, Medieval, Fantasy
Ema, GenderFemale, FirstName, Medieval, Fantasy
Emelin, GenderFemale, FirstName, Medieval, Fantasy
Emelina, GenderFemale, FirstName, Medieval, Fantasy
Emma, GenderFemale, FirstName, Medieval, Fantasy
Emmelina, GenderFemale, FirstName, Medieval, Fantasy
Engelise, GenderFemale, FirstName, Medieval, Fantasy
Estrid, GenderFemale, FirstName, Medieval, Fantasy
Eva, GenderFemale, FirstName, Medieval, Fantasy
Felicia, GenderFemale, FirstName, Medieval, Fantasy
Florencia, GenderFemale, FirstName, Medieval, Fantasy
Florentia, GenderFemale, FirstName, Medieval, Fantasy
Fluri, GenderFemale, FirstName, Medieval, Fantasy
Galiena, GenderFemale, FirstName, Medieval, Fantasy
Galiene, GenderFemale, FirstName, Medieval, Fantasy
Gemma, GenderFemale, FirstName, Medieval, Fantasy
Gilia, GenderFemale, FirstName, Medieval, Fantasy
Giliana, GenderFemale, FirstName, Medieval, Fantasy
Giliane, GenderFemale, FirstName, Medieval, Fantasy
Goda, GenderFemale, FirstName, Medieval, Fantasy
Golda, GenderFemale, FirstName, Medieval, Fantasy
Hilde, GenderFemale, FirstName, Medieval, Fantasy
Hismena, GenderFemale, FirstName, Medieval, Fantasy
Ida, GenderFemale, FirstName, Medieval, Fantasy
Ilaria, GenderFemale, FirstName, Medieval, Fantasy
Immine, GenderFemale, FirstName, Medieval, Fantasy
Inga, GenderFemale, FirstName, Medieval, Fantasy
Isabel, GenderFemale, FirstName, Medieval, Fantasy
Isabele, GenderFemale, FirstName, Medieval, Fantasy
Isabelle, GenderFemale, FirstName, Medieval, Fantasy
Isolda, GenderFemale, FirstName, Medieval, Fantasy
Ivetta, GenderFemale, FirstName, Medieval, Fantasy
Joan, GenderFemale, FirstName, Medieval, Fantasy
Joya, GenderFemale, FirstName, Medieval, Fantasy
Juelina, GenderFemale, FirstName, Medieval, Fantasy
Juetta, GenderFemale, FirstName, Medieval, Fantasy
Juliana, GenderFemale, FirstName, Medieval, Fantasy
Juliane, GenderFemale, FirstName, Medieval, Fantasy
Justina, GenderFemale, FirstName, Medieval, Fantasy
Katelin, GenderFemale, FirstName, Medieval, Fantasy
Katerina, GenderFemale, FirstName, Medieval, Fantasy
Kima, GenderFemale, FirstName, Medieval, Fantasy
Laua, GenderFemale, FirstName, Medieval, Fantasy
Lauretta, GenderFemale, FirstName, Medieval, Fantasy
Lecia, GenderFemale, FirstName, Medieval, Fantasy
Lecie, GenderFemale, FirstName, Medieval, Fantasy
Letia, GenderFemale, FirstName, Medieval, Fantasy
Leticia, GenderFemale, FirstName, Medieval, Fantasy
Leva, GenderFemale, FirstName, Medieval, Fantasy
Lia, GenderFemale, FirstName, Medieval, Fantasy
Lina, GenderFemale, FirstName, Medieval, Fantasy
Ligarda, GenderFemale, FirstName, Medieval, Fantasy
Loretta, GenderFemale, FirstName, Medieval, Fantasy
Lucia, GenderFemale, FirstName, Medieval, Fantasy
Luciana, GenderFemale, FirstName, Medieval, Fantasy
Mabel, GenderFemale, FirstName, Medieval, Fantasy
Mabbe, GenderFemale, FirstName, Medieval, Fantasy
Mabella, GenderFemale, FirstName, Medieval, Fantasy
Magge, GenderFemale, FirstName, Medieval, Fantasy
Maria, GenderFemale, FirstName, Medieval, Fantasy
Marie, GenderFemale, FirstName, Medieval, Fantasy
Marina, GenderFemale, FirstName, Medieval, Fantasy
Marion, GenderFemale, FirstName, Medieval, Fantasy
Matilda, GenderFemale, FirstName, Medieval, Fantasy
Maud, GenderFemale, FirstName, Medieval, Fantasy
Meril, GenderFemale, FirstName, Medieval, Fantasy
Merild, GenderFemale, FirstName, Medieval, Fantasy
Minna, GenderFemale, FirstName, Medieval, Fantasy
Miarabell, GenderFemale, FirstName, Medieval, Fantasy
Miriel, GenderFemale, FirstName, Medieval, Fantasy
Molle, GenderFemale, FirstName, Medieval, Fantasy
Molly, GenderFemale, FirstName, Medieval, Fantasy
Nesta, GenderFemale, FirstName, Medieval, Fantasy
Odelina, GenderFemale, FirstName, Medieval, Fantasy
Olivia, GenderFemale, FirstName, Medieval, Fantasy
Orella, GenderFemale, FirstName, Medieval, Fantasy
Paulina, GenderFemale, FirstName, Medieval, Fantasy
Petronella, GenderFemale, FirstName, Medieval, Fantasy
Pavia, GenderFemale, FirstName, Medieval, Fantasy
Philippa, GenderFemale, FirstName, Medieval, Fantasy
Plesencia, GenderFemale, FirstName, Medieval, Fantasy
Preciosa, GenderFemale, FirstName, Medieval, Fantasy
Regina, GenderFemale, FirstName, Medieval, Fantasy
Reina, GenderFemale, FirstName, Medieval, Fantasy
Renilla, GenderFemale, FirstName, Medieval, Fantasy
Reyna, GenderFemale, FirstName, Medieval, Fantasy
Roana, GenderFemale, FirstName, Medieval, Fantasy
Rose, GenderFemale, FirstName, Medieval, Fantasy
Sabeline, GenderFemale, FirstName, Medieval, Fantasy
Sabina, GenderFemale, FirstName, Medieval, Fantasy
Sarah, GenderFemale, FirstName, Medieval, Fantasy
Sela, GenderFemale, FirstName, Medieval, Fantasy
Sybil, GenderFemale, FirstName, Medieval, Fantasy
Teffania, GenderFemale, FirstName, Medieval, Fantasy
Theda, GenderFemale, FirstName, Medieval, Fantasy
Tiecia, GenderFemale, FirstName, Medieval, Fantasy
Tilla, GenderFemale, FirstName, Medieval, Fantasy
Ulia, GenderFemale, FirstName, Medieval, Fantasy
Yda, GenderFemale, FirstName, Medieval, Fantasy
Ylaria, GenderFemale, FirstName, Medieval, Fantasy
Yllarian, GenderFemale, FirstName, Medieval, Fantasy