Aaron, GenderMale, FirstName, Medieval, Fantasy
Abell, GenderMale, FirstName, Medieval, Fantasy
Abraham, GenderMale, FirstName, Medieval, Fantasy
Adrean, GenderMale, FirstName, Medieval, Fantasy
Adrian, GenderMale, FirstName, Medieval, Fantasy
Ahicham, GenderMale, FirstName, Medieval, Fantasy
Alexander, GenderMale, FirstName, Medieval, Fantasy
Andrew, GenderMale, FirstName, Medieval, Fantasy
Andrewe, GenderMale, FirstName, Medieval, Fantasy
Anthonie, GenderMale, FirstName, Medieval, Fantasy
Anthony, GenderMale, FirstName, Medieval, Fantasy
Arthur, GenderMale, FirstName, Medieval, Fantasy
Bartilmew, GenderMale, FirstName, Medieval, Fantasy
Benajhah, GenderMale, FirstName, Medieval, Fantasy
Beniamin, GenderMale, FirstName, Medieval, Fantasy
Benjamin, GenderMale, FirstName, Medieval, Fantasy
Bennet, GenderMale, FirstName, Medieval, Fantasy
Brian, GenderMale, FirstName, Medieval, Fantasy
Christofer, GenderMale, FirstName, Medieval, Fantasy
Christopher, GenderMale, FirstName, Medieval, Fantasy
Clement, GenderMale, FirstName, Medieval, Fantasy
Cornelius, GenderMale, FirstName, Medieval, Fantasy
Daniel, GenderMale, FirstName, Medieval, Fantasy
Daniell, GenderMale, FirstName, Medieval, Fantasy
Dauid, GenderMale, FirstName, Medieval, Fantasy
David, GenderMale, FirstName, Medieval, Fantasy
Dorcas, GenderMale, FirstName, Medieval, Fantasy
Edmond, GenderMale, FirstName, Medieval, Fantasy
Edmonde, GenderMale, FirstName, Medieval, Fantasy
Edward, GenderMale, FirstName, Medieval, Fantasy
Elcanah, GenderMale, FirstName, Medieval, Fantasy
Elias, GenderMale, FirstName, Medieval, Fantasy
Elijachuh, GenderMale, FirstName, Medieval, Fantasy
Ezechiall, GenderMale, FirstName, Medieval, Fantasy
Ecechiel, GenderMale, FirstName, Medieval, Fantasy
Azechiel, GenderMale, FirstName, Medieval, Fantasy
Ferdinandus, GenderMale, FirstName, Medieval, Fantasy
Frances, GenderMale, FirstName, Medieval, Fantasy
Gabriel, GenderMale, FirstName, Medieval, Fantasy
Grabielle, GenderMale, FirstName, Medieval, Fantasy
Georg, GenderMale, FirstName, Medieval, Fantasy
George, GenderMale, FirstName, Medieval, Fantasy
Gerard, GenderMale, FirstName, Medieval, Fantasy
Gershom, GenderMale, FirstName, Medieval, Fantasy
Gilbert, GenderMale, FirstName, Medieval, Fantasy
Godfrey, GenderMale, FirstName, Medieval, Fantasy
Gother, GenderMale, FirstName, Medieval, Fantasy
Henry, GenderMale, FirstName, Medieval, Fantasy
Hugh, GenderMale, FirstName, Medieval, Fantasy
Isaac, GenderMale, FirstName, Medieval, Fantasy
Issack, GenderMale, FirstName, Medieval, Fantasy
Jason, GenderMale, FirstName, Medieval, Fantasy
Jeames, GenderMale, FirstName, Medieval, Fantasy
James, GenderMale, FirstName, Medieval, Fantasy
Jeremiah, GenderMale, FirstName, Medieval, Fantasy
Jeremie, GenderMale, FirstName, Medieval, Fantasy
Jeremy, GenderMale, FirstName, Medieval, Fantasy
Jerome, GenderMale, FirstName, Medieval, Fantasy
John, GenderMale, FirstName, Medieval, Fantasy
Jonas, GenderMale, FirstName, Medieval, Fantasy
Johnathan, GenderMale, FirstName, Medieval, Fantasy
Joseph, GenderMale, FirstName, Medieval, Fantasy
Josiah, GenderMale, FirstName, Medieval, Fantasy
Josias, GenderMale, FirstName, Medieval, Fantasy
Josua, GenderMale, FirstName, Medieval, Fantasy
Laurence, GenderMale, FirstName, Medieval, Fantasy
Lawrence, GenderMale, FirstName, Medieval, Fantasy
Lazaraus, GenderMale, FirstName, Medieval, Fantasy
Marc, GenderMale, FirstName, Medieval, Fantasy
Mathew, GenderMale, FirstName, Medieval, Fantasy
Mathias, GenderMale, FirstName, Medieval, Fantasy
Michaiah, GenderMale, FirstName, Medieval, Fantasy
Moris, GenderMale, FirstName, Medieval, Fantasy
Myles, GenderMale, FirstName, Medieval, Fantasy
Nathan, GenderMale, FirstName, Medieval, Fantasy
Nathanel, GenderMale, FirstName, Medieval, Fantasy
Nicholas, GenderMale, FirstName, Medieval, Fantasy
Nicodemus, GenderMale, FirstName, Medieval, Fantasy
Noe, GenderMale, FirstName, Medieval, Fantasy
Olyver, GenderMale, FirstName, Medieval, Fantasy
Oswold, GenderMale, FirstName, Medieval, Fantasy
Owen, GenderMale, FirstName, Medieval, Fantasy
Patrick, GenderMale, FirstName, Medieval, Fantasy
Paul, GenderMale, FirstName, Medieval, Fantasy
Peter, GenderMale, FirstName, Medieval, Fantasy
Phillip, GenderMale, FirstName, Medieval, Fantasy
Raphael, GenderMale, FirstName, Medieval, Fantasy
Raufe, GenderMale, FirstName, Medieval, Fantasy
Raulf, GenderMale, FirstName, Medieval, Fantasy
Richard, GenderMale, FirstName, Medieval, Fantasy
Robert, GenderMale, FirstName, Medieval, Fantasy
Roger, GenderMale, FirstName, Medieval, Fantasy
Rowland, GenderMale, FirstName, Medieval, Fantasy
Rychard, GenderMale, FirstName, Medieval, Fantasy
Samuel, GenderMale, FirstName, Medieval, Fantasy
Sebastian, GenderMale, FirstName, Medieval, Fantasy
Simon, GenderMale, FirstName, Medieval, Fantasy
Stephin, GenderMale, FirstName, Medieval, Fantasy
Symon, GenderMale, FirstName, Medieval, Fantasy
Thomas, GenderMale, FirstName, Medieval, Fantasy
Timothie, GenderMale, FirstName, Medieval, Fantasy
Tobias, GenderMale, FirstName, Medieval, Fantasy
Walter, GenderMale, FirstName, Medieval, Fantasy
William, GenderMale, FirstName, Medieval, Fantasy
Wylfride, GenderMale, FirstName, Medieval, Fantasy
Zacharie, GenderMale, FirstName, Medieval, Fantasy
