Accountants, ServiceAdmin, Modern, Medieval, Fantasy
Bookkeepers, ServiceAdmin, Medieval, Fantasy
Cartographers, ServiceAdmin, Modern, Medieval, Fantasy
Maps, ServiceAdmin, Modern
Insurance, ServiceAdmin, Modern, Medieval, Fantasy
Bank, ServiceAdmin, Modern, Medieval, Fantasy
Moneylenders, ServiceAdmin, Medieval, Fantasy
Engineers, ServiceAdmin, Modern, Medieval, Fantasy
Investments, ServiceAdmin, Modern, Medieval, Fantasy
Messengers, ServiceAdmin, Medieval, Fantasy
Mail, ServiceAdmin, Modern
Post, ServiceAdmin, Modern
Shipping, ServiceAdmin, Modern, Medieval, Fantasy
Couriers, ServiceAdmin, Modern, Medieval, Fantasy
Wagoneers, ServiceAdmin, Medieval, Fantasy
Stables, ServiceAdmin, Medieval, Fantasy
Scribes, ServiceAdmin, Medieval, Fantasy
Scribing, ServiceAdmin, Medieval, Fantasy
Investigators, ServiceAdmin, Modern, Medieval, Fantasy
Detectives, ServiceAdmin, Modern, Medieval, Fantasy
Bounty Office, ServiceAdmin, Modern, Medieval, Fantasy
Navigators, SerivceAdmin, Medieval, Fantasy
Shipping, SerivceAdmin, Modern, Medieval, Fantasy
Logistics, ServiceAdmin, Modern
Software, ServiceAdmin, Modern
Scripting, ServiceAdmin, Modern
Data, ServiceAdmin, Modern
Systems, ServiceAdmin, Modern
Technologies, ServiceAdmin, Modern
Laboritories, ServiceAdmin, Modern
Appraisers, ServiceAdmin, Modern, Medieval, Fantasy
Mercenaries, ServiceAdmin, Medieval, Fantasy
PMC, ServiceAdmin, Modern
