Aaron,GenderMale,FirstName, Modern
Abbey,GenderFemale,FirstName, Modern
Abbi,GenderFemale,FirstName, Modern
Abbie,GenderFemale,FirstName, Modern
Abby,GenderFemale,FirstName, Modern
Abdul,GenderMale,FirstName, Modern
Abi,GenderFemale,FirstName, Modern
Abigail,GenderFemale,FirstName, Modern
Adam,GenderMale,FirstName, Modern
Adele,GenderFemale,FirstName, Modern
Adrian,GenderMale,FirstName, Modern
Ady,GenderFemale,FirstName, Modern
Aga,GenderFemale,FirstName, Modern
Agata,GenderFemale,FirstName, Modern
Agnes,GenderFemale,FirstName, Modern
Agnieszka,GenderFemale,FirstName, Modern
Ahmed,GenderMale,FirstName, Modern
Aidan,GenderFemale,FirstName, Modern
Aiden,GenderMale,FirstName, Modern
Aimee,GenderFemale,FirstName, Modern
Aisha,GenderFemale,FirstName, Modern
Aj,GenderMale,FirstName, Modern
Ajay,GenderMale,FirstName, Modern
Akash,GenderMale,FirstName, Modern
Akshay,GenderMale,FirstName, Modern
Al,GenderMale,FirstName, Modern
Alan,GenderMale,FirstName, Modern
Alana,GenderFemale,FirstName, Modern
Alastair,GenderMale,FirstName, Modern
Alec,GenderFemale,FirstName, Modern
Aled,GenderMale,FirstName, Modern
Aleksandra,GenderFemale,FirstName, Modern
Alex,GenderMale,FirstName, Modern
Alexander,GenderMale,FirstName, Modern
Alexandra,GenderFemale,FirstName, Modern
Alfie,GenderMale,FirstName, Modern
Ali,GenderMale,FirstName, Modern
Alice,GenderFemale,FirstName, Modern
Alicia,GenderFemale,FirstName, Modern
Alina,GenderFemale,FirstName, Modern
Alisha,GenderFemale,FirstName, Modern
Alison,GenderFemale,FirstName, Modern
Alistair,GenderMale,FirstName, Modern
Alix,GenderFemale,FirstName, Modern
Allan,GenderMale,FirstName, Modern
Allison,GenderFemale,FirstName, Modern
Ally,GenderFemale,FirstName, Modern
Alun,GenderMale,FirstName, Modern
Aman,GenderMale,FirstName, Modern
Amanda,GenderFemale,FirstName, Modern
Amber,GenderFemale,FirstName, Modern
Amelia,GenderFemale,FirstName, Modern
Amie,GenderFemale,FirstName, Modern
Amina,GenderFemale,FirstName, Modern
Amir,GenderMale,FirstName, Modern
Amit,GenderMale,FirstName, Modern
Amy,GenderFemale,FirstName, Modern
Ana,GenderFemale,FirstName, Modern
Andrea,GenderFemale,FirstName, Modern
Andreas,GenderMale,FirstName, Modern
Andrew,GenderMale,FirstName, Modern
Andrzej,GenderMale,FirstName, Modern
Andy,GenderMale,FirstName, Modern
Aneta,GenderFemale,FirstName, Modern
Angel,GenderFemale,FirstName, Modern
Angela,GenderFemale,FirstName, Modern
Angelika,GenderFemale,FirstName, Modern
Angie,GenderFemale,FirstName, Modern
Angus,GenderMale,FirstName, Modern
Ania,GenderFemale,FirstName, Modern
Anil,GenderMale,FirstName, Modern
Anita,GenderFemale,FirstName, Modern
Ankit,GenderMale,FirstName, Modern
Ann,GenderFemale,FirstName, Modern
Anna,GenderFemale,FirstName, Modern
Annabel,GenderFemale,FirstName, Modern
Annabelle,GenderFemale,FirstName, Modern
Anne,GenderFemale,FirstName, Modern
Annette,GenderFemale,FirstName, Modern
Annie,GenderFemale,FirstName, Modern
Annmarie,GenderFemale,FirstName, Modern
Anthony,GenderMale,FirstName, Modern
Anton,GenderMale,FirstName, Modern
Antonia,GenderFemale,FirstName, Modern
Antonio,GenderMale,FirstName, Modern
Antony,GenderMale,FirstName, Modern
April,GenderFemale,FirstName, Modern
Archie,GenderMale,FirstName, Modern
Arran,GenderMale,FirstName, Modern
Arron,GenderMale,FirstName, Modern
Arthur,GenderMale,FirstName, Modern
Artur,GenderMale,FirstName, Modern
Ash,GenderMale,FirstName, Modern
Ashleigh,GenderFemale,FirstName, Modern
Ashley,GenderMale,FirstName, Modern
Ashok,GenderMale,FirstName, Modern
Ashton,GenderMale,FirstName, Modern
Asif,GenderMale,FirstName, Modern
Audrey,GenderFemale,FirstName, Modern
Bailey,GenderMale,FirstName, Modern
Barbara,GenderFemale,FirstName, Modern
Barrie,GenderMale,FirstName, Modern
Barry,GenderMale,FirstName, Modern
Beata,GenderFemale,FirstName, Modern
Becca,GenderFemale,FirstName, Modern
Beccy,GenderFemale,FirstName, Modern
Becki,GenderFemale,FirstName, Modern
Beckie,GenderFemale,FirstName, Modern
Becky,GenderFemale,FirstName, Modern
Bella,GenderFemale,FirstName, Modern
Ben,GenderMale,FirstName, Modern
Benedict,GenderMale,FirstName, Modern
Benjamin,GenderMale,FirstName, Modern
Benn,GenderMale,FirstName, Modern
Bernadette,GenderFemale,FirstName, Modern
Bernard,GenderMale,FirstName, Modern
Bernie,GenderFemale,FirstName, Modern
Beryl,GenderFemale,FirstName, Modern
Beth,GenderFemale,FirstName, Modern
Bethan,GenderFemale,FirstName, Modern
Bethany,GenderFemale,FirstName, Modern
Betty,GenderFemale,FirstName, Modern
Bev,GenderFemale,FirstName, Modern
Beverley,GenderFemale,FirstName, Modern
Bex,GenderFemale,FirstName, Modern
Bharat,GenderMale,FirstName, Modern
Bhavesh,GenderMale,FirstName, Modern
Bilal,GenderMale,FirstName, Modern
Bill,GenderMale,FirstName, Modern
Billy,GenderMale,FirstName, Modern
Bob,GenderMale,FirstName, Modern
Bobby,GenderMale,FirstName, Modern
Bonnie,GenderFemale,FirstName, Modern
Brad,GenderMale,FirstName, Modern
Bradley,GenderMale,FirstName, Modern
Brandon,GenderMale,FirstName, Modern
Brenda,GenderFemale,FirstName, Modern
Brendan,GenderMale,FirstName, Modern
Brett,GenderMale,FirstName, Modern
Brian,GenderMale,FirstName, Modern
Bridget,GenderFemale,FirstName, Modern
Bridie,GenderFemale,FirstName, Modern
Brogan,GenderFemale,FirstName, Modern
Brooke,GenderFemale,FirstName, Modern
Bruce,GenderMale,FirstName, Modern
Bruno,GenderMale,FirstName, Modern
Bryan,GenderMale,FirstName, Modern
Bryony,GenderFemale,FirstName, Modern
Caitlin,GenderFemale,FirstName, Modern
Caleb,GenderMale,FirstName, Modern
Callum,GenderMale,FirstName, Modern
Calum,GenderMale,FirstName, Modern
Calvin,GenderMale,FirstName, Modern
Cameron,GenderMale,FirstName, Modern
Cara,GenderFemale,FirstName, Modern
Carina,GenderFemale,FirstName, Modern
Carl,GenderMale,FirstName, Modern
Carla,GenderFemale,FirstName, Modern
Carlos,GenderMale,FirstName, Modern
Carly,GenderFemale,FirstName, Modern
Carmen,GenderFemale,FirstName, Modern
Carol,GenderFemale,FirstName, Modern
Carole,GenderFemale,FirstName, Modern
Caroline,GenderFemale,FirstName, Modern
Carolyn,GenderFemale,FirstName, Modern
Carrie,GenderFemale,FirstName, Modern
Casey,GenderFemale,FirstName, Modern
Cassie,GenderFemale,FirstName, Modern
Cat,GenderFemale,FirstName, Modern
Cath,GenderFemale,FirstName, Modern
Catherine,GenderFemale,FirstName, Modern
Cathy,GenderFemale,FirstName, Modern
Ceri,GenderFemale,FirstName, Modern
Chad,GenderMale,FirstName, Modern
Chantelle,GenderFemale,FirstName, Modern
Charlene,GenderFemale,FirstName, Modern
Charles,GenderMale,FirstName, Modern
Charley,GenderFemale,FirstName, Modern
Charlie,GenderFemale,FirstName, Modern
Charlotte,GenderFemale,FirstName, Modern
Charmaine,GenderFemale,FirstName, Modern
Chelsea,GenderFemale,FirstName, Modern
Chen,GenderFemale,FirstName, Modern
Cheryl,GenderFemale,FirstName, Modern
Chetan,GenderMale,FirstName, Modern
Chirag,GenderMale,FirstName, Modern
Chloe,GenderFemale,FirstName, Modern
Chris,GenderMale,FirstName, Modern
Chrissie,GenderFemale,FirstName, Modern
Chrissy,GenderFemale,FirstName, Modern
Christian,GenderMale,FirstName, Modern
Christina,GenderFemale,FirstName, Modern
Christine,GenderFemale,FirstName, Modern
Christopher,GenderMale,FirstName, Modern
Christy,GenderFemale,FirstName, Modern
Ciara,FirstName, Modern
Ciaran,GenderMale,FirstName, Modern
Cindy,GenderFemale,FirstName, Modern
Clair,GenderMale,FirstName, Modern
Claire,GenderFemale,FirstName, Modern
Clare,GenderFemale,FirstName, Modern
Claudia,GenderFemale,FirstName, Modern
Clive,GenderMale,FirstName, Modern
Cody,GenderFemale,FirstName, Modern
Colette,GenderFemale,FirstName, Modern
Colin,GenderMale,FirstName, Modern
Colleen,GenderFemale,FirstName, Modern
Conner,GenderMale,FirstName, Modern
Connie,GenderFemale,FirstName, Modern
Connor,GenderMale,FirstName, Modern
Conor,GenderMale,FirstName, Modern
Corey,GenderMale,FirstName, Modern
Courtney,GenderFemale,FirstName, Modern
Craig,GenderMale,FirstName, Modern
Cristina,GenderFemale,FirstName, Modern
Curtis,GenderMale,FirstName, Modern
Cynthia,GenderFemale,FirstName, Modern
Daisy,GenderFemale,FirstName, Modern
Dale,GenderMale,FirstName, Modern
Damian,GenderMale,FirstName, Modern
Damien,GenderMale,FirstName, Modern
Damon,GenderMale,FirstName, Modern
Dan,GenderMale,FirstName, Modern
Dana,GenderFemale,FirstName, Modern
Dane,GenderMale,FirstName, Modern
Dani,GenderFemale,FirstName, Modern
Daniel,GenderMale,FirstName, Modern
Daniela,GenderFemale,FirstName, Modern
Danielle,GenderFemale,FirstName, Modern
Danni,FirstName, Modern
Danny,GenderMale,FirstName, Modern
Darren,GenderMale,FirstName, Modern
Darryl,GenderMale,FirstName, Modern
Daryl,GenderMale,FirstName, Modern
Dave,GenderMale,FirstName, Modern
David,GenderMale,FirstName, Modern
Dawid,GenderMale,FirstName, Modern
Dawn,GenderFemale,FirstName, Modern
Daz,GenderMale,FirstName, Modern
Dean,GenderMale,FirstName, Modern
Deb,GenderFemale,FirstName, Modern
Debbie,GenderFemale,FirstName, Modern
Deborah,GenderFemale,FirstName, Modern
Debra,GenderFemale,FirstName, Modern
Declan,GenderMale,FirstName, Modern
Dee,GenderFemale,FirstName, Modern
Demi,GenderFemale,FirstName, Modern
Denis,GenderMale,FirstName, Modern
Denise,GenderFemale,FirstName, Modern
Dennis,GenderMale,FirstName, Modern
Derek,GenderMale,FirstName, Modern
Derrick,GenderMale,FirstName, Modern
Dhaval,GenderMale,FirstName, Modern
Diana,GenderFemale,FirstName, Modern
Diane,GenderFemale,FirstName, Modern
Dianne,GenderFemale,FirstName, Modern
Dillon,GenderMale,FirstName, Modern
Dinesh,GenderMale,FirstName, Modern
Dionne,GenderFemale,FirstName, Modern
Dom,GenderFemale,FirstName, Modern
Dominic,GenderMale,FirstName, Modern
Don,GenderMale,FirstName, Modern
Donald,GenderMale,FirstName, Modern
Donna,GenderFemale,FirstName, Modern
Doreen,GenderFemale,FirstName, Modern
Doris,GenderFemale,FirstName, Modern
Dorota,GenderFemale,FirstName, Modern
Dorothy,GenderFemale,FirstName, Modern
Dot,GenderFemale,FirstName, Modern
Doug,GenderMale,FirstName, Modern
Dougie,GenderMale,FirstName, Modern
Douglas,GenderMale,FirstName, Modern
Drew,GenderMale,FirstName, Modern
Duane,GenderMale,FirstName, Modern
Duncan,GenderMale,FirstName, Modern
Dylan,GenderMale,FirstName, Modern
Ebony,GenderFemale,FirstName, Modern
Ed,GenderMale,FirstName, Modern
Edd,GenderMale,FirstName, Modern
Eddie,GenderMale,FirstName, Modern
Eddy,GenderMale,FirstName, Modern
Eduardo,GenderMale,FirstName, Modern
Edward,GenderMale,FirstName, Modern
Eileen,GenderFemale,FirstName, Modern
Elaine,GenderFemale,FirstName, Modern
Eleanor,GenderFemale,FirstName, Modern
Elena,GenderFemale,FirstName, Modern
Elise,GenderFemale,FirstName, Modern
Eliza,GenderFemale,FirstName, Modern
Elizabeth,GenderFemale,FirstName, Modern
Ella,GenderFemale,FirstName, Modern
Elle,GenderFemale,FirstName, Modern
Ellen,GenderFemale,FirstName, Modern
Ellie,GenderFemale,FirstName, Modern
Elliot,GenderMale,FirstName, Modern
Elliott,GenderMale,FirstName, Modern
Ellis,GenderFemale,FirstName, Modern
Eloise,GenderFemale,FirstName, Modern
Em,GenderFemale,FirstName, Modern
Emily,GenderFemale,FirstName, Modern
Emma,GenderFemale,FirstName, Modern
Eric,GenderMale,FirstName, Modern
Erica,GenderFemale,FirstName, Modern
Erika,GenderFemale,FirstName, Modern
Erin,GenderFemale,FirstName, Modern
Esther,GenderFemale,FirstName, Modern
Ethan,GenderMale,FirstName, Modern
Euan,GenderMale,FirstName, Modern
Eva,GenderFemale,FirstName, Modern
Evan,GenderMale,FirstName, Modern
Eve,GenderFemale,FirstName, Modern
Evelyn,GenderFemale,FirstName, Modern
Evie,GenderFemale,FirstName, Modern
Ewa,GenderFemale,FirstName, Modern
Ewan,GenderMale,FirstName, Modern
Ewelina,GenderFemale,FirstName, Modern
Faith,GenderFemale,FirstName, Modern
Farzana,GenderFemale,FirstName, Modern
Fatima,GenderFemale,FirstName, Modern
Fay,GenderFemale,FirstName, Modern
Faye,GenderFemale,FirstName, Modern
Felicity,GenderFemale,FirstName, Modern
Fernando,GenderMale,FirstName, Modern
Finlay,GenderMale,FirstName, Modern
Fiona,GenderFemale,FirstName, Modern
Flora,GenderFemale,FirstName, Modern
Florence,GenderFemale,FirstName, Modern
Fran,GenderFemale,FirstName, Modern
Frances,GenderFemale,FirstName, Modern
Francesca,GenderFemale,FirstName, Modern
Francis,GenderMale,FirstName, Modern
Frank,GenderMale,FirstName, Modern
Frankie,GenderFemale,FirstName, Modern
Fraser,GenderMale,FirstName, Modern
Frazer,GenderMale,FirstName, Modern
Fred,GenderMale,FirstName, Modern
Freddie,GenderMale,FirstName, Modern
Freya,GenderFemale,FirstName, Modern
Gabriel,GenderMale,FirstName, Modern
Gail,GenderFemale,FirstName, Modern
Gareth,GenderMale,FirstName, Modern
Garry,GenderMale,FirstName, Modern
Gary,GenderMale,FirstName, Modern
Gav,GenderMale,FirstName, Modern
Gavin,GenderMale,FirstName, Modern
Gaynor,GenderFemale,FirstName, Modern
Gaz,GenderMale,FirstName, Modern
Gemma,GenderFemale,FirstName, Modern
Geoff,GenderMale,FirstName, Modern
Geoffrey,GenderMale,FirstName, Modern
George,GenderMale,FirstName, Modern
Georgia,GenderFemale,FirstName, Modern
Georgie,GenderFemale,FirstName, Modern
Georgina,GenderFemale,FirstName, Modern
Geraint,GenderMale,FirstName, Modern
Gerald,GenderMale,FirstName, Modern
Geraldine,GenderFemale,FirstName, Modern
Gerard,GenderMale,FirstName, Modern
Gerry,GenderMale,FirstName, Modern
Gill,GenderFemale,FirstName, Modern
Gillian,GenderFemale,FirstName, Modern
Gina,GenderFemale,FirstName, Modern
Glen,GenderMale,FirstName, Modern
Glenn,GenderMale,FirstName, Modern
Gloria,GenderFemale,FirstName, Modern
Glyn,GenderMale,FirstName, Modern
Glynis,GenderFemale,FirstName, Modern
Gordon,GenderMale,FirstName, Modern
Grace,GenderFemale,FirstName, Modern
Graeme,GenderMale,FirstName, Modern
Graham,GenderMale,FirstName, Modern
Grant,GenderMale,FirstName, Modern
Greg,GenderMale,FirstName, Modern
Gregg,GenderMale,FirstName, Modern
Grzegorz,GenderMale,FirstName, Modern
Guy,GenderMale,FirstName, Modern
Gwen,GenderFemale,FirstName, Modern
Hamza,GenderMale,FirstName, Modern
Hanna,GenderFemale,FirstName, Modern
Hannah,GenderFemale,FirstName, Modern
Hardik,GenderMale,FirstName, Modern
Harley,GenderMale,FirstName, Modern
Haroon,GenderMale,FirstName, Modern
Harriet,GenderFemale,FirstName, Modern
Harrison,GenderMale,FirstName, Modern
Harry,GenderMale,FirstName, Modern
Harvey,GenderMale,FirstName, Modern
Hassan,GenderMale,FirstName, Modern
Hayden,GenderMale,FirstName, Modern
Haydn,GenderMale,FirstName, Modern
Hayley,GenderFemale,FirstName, Modern
Hazel,GenderFemale,FirstName, Modern
Heather,GenderFemale,FirstName, Modern
Heidi,GenderFemale,FirstName, Modern
Helen,GenderFemale,FirstName, Modern
Helena,GenderFemale,FirstName, Modern
Henry,GenderMale,FirstName, Modern
Hilary,GenderFemale,FirstName, Modern
Hitesh,GenderMale,FirstName, Modern
Hollie,GenderFemale,FirstName, Modern
Holly,GenderFemale,FirstName, Modern
Howard,GenderMale,FirstName, Modern
Hugh,GenderMale,FirstName, Modern
Hugo,GenderMale,FirstName, Modern
Huw,FirstName, Modern
Iain,GenderMale,FirstName, Modern
Ian,GenderMale,FirstName, Modern
Imogen,GenderFemale,FirstName, Modern
Imran,GenderMale,FirstName, Modern
Irene,GenderFemale,FirstName, Modern
Isaac,GenderMale,FirstName, Modern
Isabel,GenderFemale,FirstName, Modern
Isabella,GenderFemale,FirstName, Modern
Isabelle,GenderFemale,FirstName, Modern
Ismail,GenderMale,FirstName, Modern
Ivan,GenderMale,FirstName, Modern
Iwona,GenderFemale,FirstName, Modern
Izzy,GenderFemale,FirstName, Modern
Jacek,GenderMale,FirstName, Modern
Jack,GenderMale,FirstName, Modern
Jackie,GenderFemale,FirstName, Modern
Jacob,GenderMale,FirstName, Modern
Jacqueline,GenderFemale,FirstName, Modern
Jacqui,GenderFemale,FirstName, Modern
Jade,GenderFemale,FirstName, Modern
Jagdish,GenderMale,FirstName, Modern
Jaime,GenderFemale,FirstName, Modern
Jake,GenderMale,FirstName, Modern
Jakub,GenderMale,FirstName, Modern
James,GenderMale,FirstName, Modern
Jamie,GenderMale,FirstName, Modern
Jan,GenderMale,FirstName, Modern
Jane,GenderFemale,FirstName, Modern
Janet,GenderFemale,FirstName, Modern
Janette,GenderFemale,FirstName, Modern
Janice,GenderFemale,FirstName, Modern
Janine,GenderFemale,FirstName, Modern
Janis,GenderFemale,FirstName, Modern
Janusz,GenderMale,FirstName, Modern
Jas,GenderMale,FirstName, Modern
Jasmine,GenderFemale,FirstName, Modern
Jason,GenderMale,FirstName, Modern
Javier,GenderMale,FirstName, Modern
Jay,GenderMale,FirstName, Modern
Jayesh,GenderMale,FirstName, Modern
Jayne,GenderFemale,FirstName, Modern
Jean,GenderFemale,FirstName, Modern
Jeanette,GenderFemale,FirstName, Modern
Jeff,GenderMale,FirstName, Modern
Jeffrey,GenderMale,FirstName, Modern
Jemma,GenderFemale,FirstName, Modern
Jen,GenderFemale,FirstName, Modern
Jenna,GenderFemale,FirstName, Modern
Jenni,GenderFemale,FirstName, Modern
Jennie,GenderFemale,FirstName, Modern
Jennifer,GenderFemale,FirstName, Modern
Jenny,GenderFemale,FirstName, Modern
Jeremy,GenderMale,FirstName, Modern
Jerry,GenderMale,FirstName, Modern
Jess,GenderFemale,FirstName, Modern
Jesse,GenderMale,FirstName, Modern
Jessica,GenderFemale,FirstName, Modern
Jessie,GenderFemale,FirstName, Modern
Jignesh,GenderMale,FirstName, Modern
Jill,GenderFemale,FirstName, Modern
Jim,GenderMale,FirstName, Modern
Jimmy,GenderMale,FirstName, Modern
Jo,GenderFemale,FirstName, Modern
Joan,GenderFemale,FirstName, Modern
Joanna,GenderFemale,FirstName, Modern
Joanne,GenderFemale,FirstName, Modern
Jodie,GenderFemale,FirstName, Modern
Jody,GenderFemale,FirstName, Modern
Joe,GenderMale,FirstName, Modern
Joel,GenderMale,FirstName, Modern
Joey,GenderMale,FirstName, Modern
John,GenderMale,FirstName, Modern
Johnny,GenderMale,FirstName, Modern
Jojo,GenderFemale,FirstName, Modern
Jon,GenderMale,FirstName, Modern
Jonathan,GenderMale,FirstName, Modern
Jonathon,GenderMale,FirstName, Modern
Jonny,GenderMale,FirstName, Modern
Jordan,GenderMale,FirstName, Modern
Jordon,FirstName, Modern
Jorge,GenderMale,FirstName, Modern
Jose,GenderMale,FirstName, Modern
Joseph,GenderMale,FirstName, Modern
Josephine,GenderFemale,FirstName, Modern
Josh,GenderMale,FirstName, Modern
Joshua,GenderMale,FirstName, Modern
Josie,GenderFemale,FirstName, Modern
Joy,GenderFemale,FirstName, Modern
Joyce,GenderFemale,FirstName, Modern
Jude,GenderMale,FirstName, Modern
Judith,GenderFemale,FirstName, Modern
Judy,GenderFemale,FirstName, Modern
Jules,GenderFemale,FirstName, Modern
Julia,GenderFemale,FirstName, Modern
Julian,GenderMale,FirstName, Modern
Julie,GenderFemale,FirstName, Modern
Juliet,GenderFemale,FirstName, Modern
June,GenderFemale,FirstName, Modern
Justin,GenderMale,FirstName, Modern
Justine,GenderMale,FirstName, Modern
Justyna,GenderFemale,FirstName, Modern
Kai,GenderMale,FirstName, Modern
Kaitlin,GenderFemale,FirstName, Modern
Kamal,GenderMale,FirstName, Modern
Kamil,GenderMale,FirstName, Modern
Kane,GenderMale,FirstName, Modern
Kara,GenderFemale,FirstName, Modern
Karan,GenderMale,FirstName, Modern
Karen,GenderFemale,FirstName, Modern
Karina,GenderFemale,FirstName, Modern
Karl,GenderMale,FirstName, Modern
Karla,GenderFemale,FirstName, Modern
Karol,GenderMale,FirstName, Modern
Karolina,GenderFemale,FirstName, Modern
Kasia,GenderFemale,FirstName, Modern
Kat,GenderFemale,FirstName, Modern
Katarzyna,GenderFemale,FirstName, Modern
Kate,GenderFemale,FirstName, Modern
Kath,GenderFemale,FirstName, Modern
Katherine,GenderFemale,FirstName, Modern
Kathleen,GenderFemale,FirstName, Modern
Kathryn,GenderFemale,FirstName, Modern
Kathy,GenderFemale,FirstName, Modern
Katie,GenderFemale,FirstName, Modern
Katrina,GenderFemale,FirstName, Modern
Katy,GenderFemale,FirstName, Modern
Kay,FirstName, Modern
Kayla,GenderFemale,FirstName, Modern
Kayleigh,GenderFemale,FirstName, Modern
Keeley,GenderFemale,FirstName, Modern
Keith,GenderMale,FirstName, Modern
Kellie,GenderFemale,FirstName, Modern
Kelly,GenderFemale,FirstName, Modern
Kelsey,GenderFemale,FirstName, Modern
Kelvin,GenderMale,FirstName, Modern
Ken,GenderMale,FirstName, Modern
Kenneth,GenderMale,FirstName, Modern
Kenny,GenderMale,FirstName, Modern
Kerri,GenderFemale,FirstName, Modern
Kerrie,GenderFemale,FirstName, Modern
Kerry,GenderFemale,FirstName, Modern
Ketan,GenderMale,FirstName, Modern
Kev,GenderMale,FirstName, Modern
Kevin,GenderMale,FirstName, Modern
Khalid,GenderMale,FirstName, Modern
Kian,GenderMale,FirstName, Modern
Kieran,GenderMale,FirstName, Modern
Kieron,GenderMale,FirstName, Modern
Kim,FirstName, Modern
Kimberley,GenderFemale,FirstName, Modern
Kiran,GenderFemale,FirstName, Modern
Kirsten,GenderFemale,FirstName, Modern
Kirstie,GenderFemale,FirstName, Modern
Kirsty,GenderFemale,FirstName, Modern
Klaudia,GenderFemale,FirstName, Modern
Konrad,GenderMale,FirstName, Modern
Kris,GenderMale,FirstName, Modern
Krishna,GenderFemale,FirstName, Modern
Kristian,GenderMale,FirstName, Modern
Kristina,GenderFemale,FirstName, Modern
Krzysztof,GenderMale,FirstName, Modern
Kurt,GenderMale,FirstName, Modern
Kurtis,GenderMale,FirstName, Modern
Kyle,GenderMale,FirstName, Modern
Kylie,GenderFemale,FirstName, Modern
Lana,GenderFemale,FirstName, Modern
Lara,GenderFemale,FirstName, Modern
Laura,GenderFemale,FirstName, Modern
Lauren,GenderFemale,FirstName, Modern
Laurence,GenderMale,FirstName, Modern
Laurie,GenderMale,FirstName, Modern
Lawrence,GenderMale,FirstName, Modern
Layla,GenderFemale,FirstName, Modern
Lea,GenderFemale,FirstName, Modern
Leah,GenderFemale,FirstName, Modern
Leanne,GenderFemale,FirstName, Modern
Lee,GenderMale,FirstName, Modern
Leeanne,GenderFemale,FirstName, Modern
Leigh,GenderMale,FirstName, Modern
Leighton,GenderMale,FirstName, Modern
Leila,GenderFemale,FirstName, Modern
Leo,GenderMale,FirstName, Modern
Leon,GenderMale,FirstName, Modern
Les,GenderMale,FirstName, Modern
Lesley,GenderFemale,FirstName, Modern
Leslie,GenderMale,FirstName, Modern
Levi,GenderMale,FirstName, Modern
Lewis,GenderMale,FirstName, Modern
Li,GenderFemale,FirstName, Modern
Liam,GenderMale,FirstName, Modern
Lianne,GenderFemale,FirstName, Modern
Libby,GenderFemale,FirstName, Modern
Lilly,GenderFemale,FirstName, Modern
Lily,GenderFemale,FirstName, Modern
Lin,GenderMale,FirstName, Modern
Linda,GenderFemale,FirstName, Modern
Lindsay,GenderFemale,FirstName, Modern
Lindsey,GenderFemale,FirstName, Modern
Linzi,GenderFemale,FirstName, Modern
Lisa,GenderFemale,FirstName, Modern
Liv,GenderFemale,FirstName, Modern
Liz,GenderFemale,FirstName, Modern
Liza,GenderFemale,FirstName, Modern
Lizzie,GenderFemale,FirstName, Modern
Lizzy,GenderFemale,FirstName, Modern
Lloyd,GenderMale,FirstName, Modern
Logan,GenderMale,FirstName, Modern
Lois,GenderFemale,FirstName, Modern
Lola,GenderFemale,FirstName, Modern
Loren,GenderFemale,FirstName, Modern
Lorna,GenderFemale,FirstName, Modern
Lorraine,GenderFemale,FirstName, Modern
Lou,GenderFemale,FirstName, Modern
Louie,GenderMale,FirstName, Modern
Louis,GenderMale,FirstName, Modern
Louisa,GenderFemale,FirstName, Modern
Louise,GenderFemale,FirstName, Modern
Luca,GenderMale,FirstName, Modern
Lucas,GenderMale,FirstName, Modern
Lucia,GenderFemale,FirstName, Modern
Lucie,GenderFemale,FirstName, Modern
Lucy,GenderFemale,FirstName, Modern
Luis,GenderMale,FirstName, Modern
Lukasz,GenderMale,FirstName, Modern
Luke,GenderMale,FirstName, Modern
Lydia,GenderFemale,FirstName, Modern
Lyn,GenderFemale,FirstName, Modern
Lynda,GenderFemale,FirstName, Modern
Lyndsey,GenderFemale,FirstName, Modern
Lynn,GenderFemale,FirstName, Modern
Lynne,GenderFemale,FirstName, Modern
Lynsey,GenderFemale,FirstName, Modern
Maddie,GenderFemale,FirstName, Modern
Magda,GenderFemale,FirstName, Modern
Magdalena,GenderFemale,FirstName, Modern
Maggie,GenderFemale,FirstName, Modern
Mags,GenderFemale,FirstName, Modern
Mahesh,GenderMale,FirstName, Modern
Maisie,GenderFemale,FirstName, Modern
Maja,GenderFemale,FirstName, Modern
Malcolm,GenderMale,FirstName, Modern
Malgorzata,GenderFemale,FirstName, Modern
Mandy,GenderFemale,FirstName, Modern
Manish,GenderMale,FirstName, Modern
Manoj,GenderMale,FirstName, Modern
Manuel,GenderMale,FirstName, Modern
Marc,GenderMale,FirstName, Modern
Marcin,GenderMale,FirstName, Modern
Marco,GenderMale,FirstName, Modern
Marcus,GenderMale,FirstName, Modern
Marek,GenderMale,FirstName, Modern
Margaret,GenderFemale,FirstName, Modern
Mari,GenderFemale,FirstName, Modern
Maria,GenderFemale,FirstName, Modern
Marian,GenderFemale,FirstName, Modern
Marianne,GenderFemale,FirstName, Modern
Marie,GenderFemale,FirstName, Modern
Marilyn,GenderFemale,FirstName, Modern
Marina,GenderFemale,FirstName, Modern
Mario,GenderMale,FirstName, Modern
Marion,GenderFemale,FirstName, Modern
Mariusz,GenderMale,FirstName, Modern
Marjorie,GenderFemale,FirstName, Modern
Mark,GenderMale,FirstName, Modern
Marta,GenderFemale,FirstName, Modern
Martha,GenderFemale,FirstName, Modern
Martin,GenderMale,FirstName, Modern
Martina,GenderFemale,FirstName, Modern
Marty,GenderMale,FirstName, Modern
Martyn,GenderMale,FirstName, Modern
Mary,GenderFemale,FirstName, Modern
Mason,GenderMale,FirstName, Modern
Mat,GenderMale,FirstName, Modern
Mateusz,GenderMale,FirstName, Modern
Mathew,GenderMale,FirstName, Modern
Matt,GenderMale,FirstName, Modern
Matthew,GenderMale,FirstName, Modern
Matty,GenderMale,FirstName, Modern
Maureen,GenderFemale,FirstName, Modern
Maurice,GenderMale,FirstName, Modern
Max,GenderMale,FirstName, Modern
Maxine,GenderFemale,FirstName, Modern
May,GenderFemale,FirstName, Modern
Maya,GenderFemale,FirstName, Modern
Mayur,GenderMale,FirstName, Modern
Meg,GenderFemale,FirstName, Modern
Megan,GenderFemale,FirstName, Modern
Mehul,GenderMale,FirstName, Modern
Mel,GenderFemale,FirstName, Modern
Melanie,GenderFemale,FirstName, Modern
Melissa,GenderFemale,FirstName, Modern
Mia,GenderFemale,FirstName, Modern
Michael,GenderMale,FirstName, Modern
Michaela,GenderFemale,FirstName, Modern
Michal,GenderMale,FirstName, Modern
Micheal,GenderMale,FirstName, Modern
Michele,GenderMale,FirstName, Modern
Michelle,GenderFemale,FirstName, Modern
Mick,GenderMale,FirstName, Modern
Mickey,GenderMale,FirstName, Modern
Micky,GenderMale,FirstName, Modern
Miguel,GenderMale,FirstName, Modern
Mike,GenderMale,FirstName, Modern
Mikey,GenderMale,FirstName, Modern
Milan,GenderMale,FirstName, Modern
Miles,GenderMale,FirstName, Modern
Millie,GenderFemale,FirstName, Modern
Milly,GenderFemale,FirstName, Modern
Miriam,GenderFemale,FirstName, Modern
Mitch,GenderMale,FirstName, Modern
Mitchell,GenderMale,FirstName, Modern
Mo,FirstName, Modern
Mohammad,GenderMale,FirstName, Modern
Mohammed,GenderMale,FirstName, Modern
Moira,GenderFemale,FirstName, Modern
Mollie,GenderFemale,FirstName, Modern
Molly,GenderFemale,FirstName, Modern
Monica,GenderFemale,FirstName, Modern
Monika,GenderFemale,FirstName, Modern
Morgan,GenderMale,FirstName, Modern
Muhammad,GenderMale,FirstName, Modern
Mustafa,GenderMale,FirstName, Modern
Myles,GenderMale,FirstName, Modern
Nadeem,GenderFemale,FirstName, Modern
Nadia,GenderFemale,FirstName, Modern
Nadine,GenderFemale,FirstName, Modern
Nancy,GenderFemale,FirstName, Modern
Naomi,GenderFemale,FirstName, Modern
Nat,GenderFemale,FirstName, Modern
Natalia,GenderFemale,FirstName, Modern
Natalie,GenderFemale,FirstName, Modern
Natasha,GenderFemale,FirstName, Modern
Nathan,GenderMale,FirstName, Modern
Nathaniel,GenderMale,FirstName, Modern
Nayan,GenderMale,FirstName, Modern
Neal,GenderMale,FirstName, Modern
Neil,GenderMale,FirstName, Modern
Niall,GenderMale,FirstName, Modern
Niamh,GenderFemale,FirstName, Modern
Nic,GenderMale,FirstName, Modern
Nichola,GenderFemale,FirstName, Modern
Nicholas,GenderMale,FirstName, Modern
Nick,GenderMale,FirstName, Modern
Nicki,GenderFemale,FirstName, Modern
Nicky,GenderFemale,FirstName, Modern
Nicola,GenderFemale,FirstName, Modern
Nicolas,GenderMale,FirstName, Modern
Nicole,GenderFemale,FirstName, Modern
Nigel,GenderMale,FirstName, Modern
Niki,GenderFemale,FirstName, Modern
Nikita,GenderFemale,FirstName, Modern
Nikki,GenderFemale,FirstName, Modern
Nilesh,GenderMale,FirstName, Modern
Nina,GenderFemale,FirstName, Modern
Noel,GenderMale,FirstName, Modern
Norma,GenderFemale,FirstName, Modern
Norman,GenderMale,FirstName, Modern
Olga,GenderFemale,FirstName, Modern
Oli,GenderMale,FirstName, Modern
Oliver,GenderMale,FirstName, Modern
Olivia,GenderFemale,FirstName, Modern
Ollie,GenderMale,FirstName, Modern
Olly,GenderMale,FirstName, Modern
Omar,GenderMale,FirstName, Modern
Oscar,GenderMale,FirstName, Modern
Owain,GenderMale,FirstName, Modern
Owen,GenderMale,FirstName, Modern
Pablo,GenderMale,FirstName, Modern
Paddy,GenderMale,FirstName, Modern
Paige,GenderFemale,FirstName, Modern
Pam,GenderFemale,FirstName, Modern
Pamela,GenderFemale,FirstName, Modern
Pankaj,GenderMale,FirstName, Modern
Paresh,GenderMale,FirstName, Modern
Paris,GenderFemale,FirstName, Modern
Parth,GenderMale,FirstName, Modern
Pat,GenderFemale,FirstName, Modern
Patel,GenderMale,FirstName, Modern
Patricia,GenderFemale,FirstName, Modern
Patrick,GenderMale,FirstName, Modern
Patrycja,GenderFemale,FirstName, Modern
Patryk,GenderMale,FirstName, Modern
Patsy,GenderFemale,FirstName, Modern
Paul,GenderMale,FirstName, Modern
Paula,GenderFemale,FirstName, Modern
Paulina,GenderFemale,FirstName, Modern
Pauline,GenderFemale,FirstName, Modern
Pawel,GenderMale,FirstName, Modern
Pedro,GenderMale,FirstName, Modern
Penny,GenderFemale,FirstName, Modern
Pete,GenderMale,FirstName, Modern
Peter,GenderMale,FirstName, Modern
Phil,GenderMale,FirstName, Modern
Philip,GenderMale,FirstName, Modern
Philippa,GenderFemale,FirstName, Modern
Phillip,GenderMale,FirstName, Modern
Phoebe,GenderFemale,FirstName, Modern
Pierre,GenderMale,FirstName, Modern
Piotr,GenderMale,FirstName, Modern
Pippa,GenderFemale,FirstName, Modern
Piyush,GenderMale,FirstName, Modern
Polly,GenderFemale,FirstName, Modern
Poppy,GenderFemale,FirstName, Modern
Pratik,GenderMale,FirstName, Modern
Rach,GenderFemale,FirstName, Modern
Rachael,GenderFemale,FirstName, Modern
Rachel,GenderFemale,FirstName, Modern
Rafal,GenderMale,FirstName, Modern
Rahul,GenderMale,FirstName, Modern
Raj,GenderMale,FirstName, Modern
Raja,GenderMale,FirstName, Modern
Rajesh,GenderMale,FirstName, Modern
Raju,GenderMale,FirstName, Modern
Rakesh,GenderMale,FirstName, Modern
Ralph,GenderMale,FirstName, Modern
Ramesh,GenderMale,FirstName, Modern
Ravi,GenderMale,FirstName, Modern
Ray,GenderMale,FirstName, Modern
Raymond,GenderMale,FirstName, Modern
Rebecca,GenderFemale,FirstName, Modern
Rebekah,GenderFemale,FirstName, Modern
Reece,GenderMale,FirstName, Modern
Renata,GenderFemale,FirstName, Modern
Rhian,GenderFemale,FirstName, Modern
Rhiannon,GenderFemale,FirstName, Modern
Rhonda,GenderMale,FirstName, Modern
Rhys,GenderMale,FirstName, Modern
Ricardo,GenderMale,FirstName, Modern
Rich,GenderMale,FirstName, Modern
Richard,GenderMale,FirstName, Modern
Richie,GenderMale,FirstName, Modern
Rick,GenderMale,FirstName, Modern
Ricky,GenderMale,FirstName, Modern
Riley,FirstName, Modern
Rita,GenderFemale,FirstName, Modern
Rob,GenderMale,FirstName, Modern
Robbie,GenderMale,FirstName, Modern
Robert,GenderMale,FirstName, Modern
Robin,GenderMale,FirstName, Modern
Robyn,GenderFemale,FirstName, Modern
Rodney,GenderMale,FirstName, Modern
Roger,GenderMale,FirstName, Modern
Rohan,GenderMale,FirstName, Modern
Rohit,GenderMale,FirstName, Modern
Roman,GenderMale,FirstName, Modern
Ron,GenderMale,FirstName, Modern
Ronald,GenderMale,FirstName, Modern
Ronan,GenderMale,FirstName, Modern
Ronnie,GenderMale,FirstName, Modern
Rory,GenderMale,FirstName, Modern
Rosa,GenderFemale,FirstName, Modern
Rose,GenderFemale,FirstName, Modern
Rosemary,GenderFemale,FirstName, Modern
Rosie,GenderFemale,FirstName, Modern
Ross,GenderMale,FirstName, Modern
Rowan,GenderMale,FirstName, Modern
Roxanne,GenderFemale,FirstName, Modern
Roy,GenderMale,FirstName, Modern
Ruby,GenderFemale,FirstName, Modern
Rui,GenderFemale,FirstName, Modern
Russ,GenderMale,FirstName, Modern
Russell,GenderMale,FirstName, Modern
Ruth,GenderFemale,FirstName, Modern
Ryan,GenderMale,FirstName, Modern
Sabrina,GenderFemale,FirstName, Modern
Sachin,GenderMale,FirstName, Modern
Sadie,GenderFemale,FirstName, Modern
Sagar,GenderMale,FirstName, Modern
Sally,GenderFemale,FirstName, Modern
Sam,GenderMale,FirstName, Modern
Samantha,GenderFemale,FirstName, Modern
Sami,GenderFemale,FirstName, Modern
Sammy,FirstName, Modern
Samuel,GenderMale,FirstName, Modern
Sandie,GenderFemale,FirstName, Modern
Sandra,GenderFemale,FirstName, Modern
Sandy,GenderMale,FirstName, Modern
Sanjay,GenderMale,FirstName, Modern
Sara,GenderFemale,FirstName, Modern
Sarah,GenderFemale,FirstName, Modern
Sasha,GenderFemale,FirstName, Modern
Scarlett,GenderFemale,FirstName, Modern
Scott,GenderMale,FirstName, Modern
Sean,GenderMale,FirstName, Modern
Sebastian,GenderMale,FirstName, Modern
Selina,GenderFemale,FirstName, Modern
Serena,GenderFemale,FirstName, Modern
Shane,GenderMale,FirstName, Modern
Shannen,GenderFemale,FirstName, Modern
Shannon,GenderFemale,FirstName, Modern
Sharon,GenderFemale,FirstName, Modern
Sharron,GenderFemale,FirstName, Modern
Shaun,GenderMale,FirstName, Modern
Shauna,GenderFemale,FirstName, Modern
Sheila,GenderFemale,FirstName, Modern
Shelby,GenderFemale,FirstName, Modern
Shell,GenderFemale,FirstName, Modern
Shelley,GenderFemale,FirstName, Modern
Shelly,FirstName, Modern
Shirley,GenderFemale,FirstName, Modern
Shona,GenderFemale,FirstName, Modern
Si,GenderMale,FirstName, Modern
Sian,GenderFemale,FirstName, Modern
Sid,GenderMale,FirstName, Modern
Silvia,GenderFemale,FirstName, Modern
Simon,GenderMale,FirstName, Modern
Simone,GenderFemale,FirstName, Modern
Sinead,GenderFemale,FirstName, Modern
Siobhan,GenderFemale,FirstName, Modern
Skye,GenderFemale,FirstName, Modern
Sonia,GenderFemale,FirstName, Modern
Sonny,GenderMale,FirstName, Modern
Sonya,GenderFemale,FirstName, Modern
Sophia,GenderFemale,FirstName, Modern
Sophie,GenderFemale,FirstName, Modern
Spencer,GenderMale,FirstName, Modern
Stacey,GenderFemale,FirstName, Modern
Stacie,GenderFemale,FirstName, Modern
Stacy,GenderFemale,FirstName, Modern
Stan,FirstName, Modern
Stanley,GenderMale,FirstName, Modern
Ste,GenderMale,FirstName, Modern
Stefan,GenderMale,FirstName, Modern
Stella,GenderFemale,FirstName, Modern
Steph,GenderFemale,FirstName, Modern
Stephanie,GenderFemale,FirstName, Modern
Stephen,GenderMale,FirstName, Modern
Steve,GenderMale,FirstName, Modern
Steven,GenderMale,FirstName, Modern
Stevie,GenderMale,FirstName, Modern
Stewart,GenderMale,FirstName, Modern
Stu,GenderMale,FirstName, Modern
Stuart,GenderMale,FirstName, Modern
Sue,GenderFemale,FirstName, Modern
Summer,GenderFemale,FirstName, Modern
Sunil,GenderMale,FirstName, Modern
Sunny,GenderMale,FirstName, Modern
Suresh,GenderMale,FirstName, Modern
Susan,GenderFemale,FirstName, Modern
Susie,GenderFemale,FirstName, Modern
Suzanne,GenderFemale,FirstName, Modern
Suzie,GenderFemale,FirstName, Modern
Suzy,GenderFemale,FirstName, Modern
Sylvia,GenderFemale,FirstName, Modern
Sylwia,GenderFemale,FirstName, Modern
Tahir,GenderMale,FirstName, Modern
Tam,FirstName, Modern
Tamara,GenderFemale,FirstName, Modern
Tammy,GenderFemale,FirstName, Modern
Tania,GenderFemale,FirstName, Modern
Tanya,GenderFemale,FirstName, Modern
Tara,GenderFemale,FirstName, Modern
Tasha,GenderFemale,FirstName, Modern
Taylor,GenderMale,FirstName, Modern
Terence,GenderMale,FirstName, Modern
Teresa,GenderFemale,FirstName, Modern
Terri,GenderFemale,FirstName, Modern
Terry,GenderMale,FirstName, Modern
Theo,GenderMale,FirstName, Modern
Theresa,GenderFemale,FirstName, Modern
Thomas,GenderMale,FirstName, Modern
Tia,GenderFemale,FirstName, Modern
Tiffany,GenderFemale,FirstName, Modern
Tilly,GenderFemale,FirstName, Modern
Tim,GenderMale,FirstName, Modern
Timmy,GenderMale,FirstName, Modern
Timothy,GenderFemale,FirstName, Modern
Tina,GenderMale,FirstName, Modern
Tobias,GenderMale,FirstName, Modern
Toby,GenderMale,FirstName, Modern
Todd,GenderMale,FirstName, Modern
Tom,GenderMale,FirstName, Modern
Tomas,GenderMale,FirstName, Modern
Tomasz,GenderMale,FirstName, Modern
Tommy,GenderMale,FirstName, Modern
Toni,GenderFemale,FirstName, Modern
Tony,GenderMale,FirstName, Modern
Tracey,GenderFemale,FirstName, Modern
Tracie,GenderFemale,FirstName, Modern
Tracy,GenderFemale,FirstName, Modern
Travis,GenderMale,FirstName, Modern
Trevor,GenderMale,FirstName, Modern
Tricia,GenderFemale,FirstName, Modern
Trish,GenderFemale,FirstName, Modern
Trisha,GenderFemale,FirstName, Modern
Tristan,GenderMale,FirstName, Modern
Troy,GenderMale,FirstName, Modern
Tyler,GenderMale,FirstName, Modern
Tyrone,GenderMale,FirstName, Modern
Usman,GenderMale,FirstName, Modern
Val,FirstName, Modern
Valerie,GenderFemale,FirstName, Modern
Vanessa,GenderFemale,FirstName, Modern
Vera,GenderFemale,FirstName, Modern
Veronica,GenderFemale,FirstName, Modern
Vicki,GenderFemale,FirstName, Modern
Vicky,GenderFemale,FirstName, Modern
Victor,GenderMale,FirstName, Modern
Victoria,GenderFemale,FirstName, Modern
Vijay,GenderMale,FirstName, Modern
Vikki,GenderFemale,FirstName, Modern
Vince,GenderMale,FirstName, Modern
Vincent,GenderMale,FirstName, Modern
Vinod,GenderMale,FirstName, Modern
Vipul,GenderMale,FirstName, Modern
Vishal,GenderMale,FirstName, Modern
Vivek,GenderMale,FirstName, Modern
Vivian,GenderFemale,FirstName, Modern
Vivienne,GenderFemale,FirstName, Modern
Wang,GenderFemale,FirstName, Modern
Warren,GenderMale,FirstName, Modern
Wayne,GenderMale,FirstName, Modern
Wendy,GenderFemale,FirstName, Modern
Wesley,GenderMale,FirstName, Modern
Will,GenderMale,FirstName, Modern
William,GenderMale,FirstName, Modern
Wojtek,GenderMale,FirstName, Modern
Xin,GenderFemale,FirstName, Modern
Yang,GenderMale,FirstName, Modern
Yasmin,GenderFemale,FirstName, Modern
Yi,GenderMale,FirstName, Modern
Yu,GenderFemale,FirstName, Modern
Yue,GenderFemale,FirstName, Modern
Yvonne,GenderFemale,FirstName, Modern
Zac,GenderMale,FirstName, Modern
Zahid,GenderMale,FirstName, Modern
Zak,GenderMale,FirstName, Modern
Zara,GenderFemale,FirstName, Modern
Zena,GenderFemale,FirstName, Modern
Zhang,GenderFemale,FirstName, Modern
Zoe,GenderFemale,FirstName, Modern
