Abbott,LastName, Modern
Adam,LastName, Modern
Adams,LastName, Modern
Adamson,LastName, Modern
Addison,LastName, Modern
Agnew,LastName, Modern
Agrawal,LastName, Modern
Ahir,LastName, Modern
Ahmad,LastName, Modern
Ahmed,LastName, Modern
Aitchison,LastName, Modern
Aitken,LastName, Modern
Akhtar,LastName, Modern
Alam,LastName, Modern
Alderson,LastName, Modern
Aldridge,LastName, Modern
Alexander,LastName, Modern
Ali,LastName, Modern
Allan,LastName, Modern
Allen,LastName, Modern
Allison,LastName, Modern
Almond,LastName, Modern
Amin,LastName, Modern
Amos,LastName, Modern
Anderson,LastName, Modern
Anderton,LastName, Modern
Andrew,LastName, Modern
Andrews,LastName, Modern
Ann,LastName, Modern
Anne,LastName, Modern
Anthony,LastName, Modern
Appleby,LastName, Modern
Appleton,LastName, Modern
Archer,LastName, Modern
Armitage,LastName, Modern
Armstrong,LastName, Modern
Arnold,LastName, Modern
Arthur,LastName, Modern
Ashcroft,LastName, Modern
Ashley,LastName, Modern
Ashton,LastName, Modern
Ashworth,LastName, Modern
Aslam,LastName, Modern
Aston,LastName, Modern
Atherton,LastName, Modern
Atkin,LastName, Modern
Atkins,LastName, Modern
Atkinson,LastName, Modern
Austin,LastName, Modern
Avery,LastName, Modern
Ayres,LastName, Modern
Aziz,LastName, Modern
Bacon,LastName, Modern
Bailey,LastName, Modern
Baillie,LastName, Modern
Bain,LastName, Modern
Bainbridge,LastName, Modern
Baines,LastName, Modern
Baird,LastName, Modern
Baker,LastName, Modern
Baldwin,LastName, Modern
Ball,LastName, Modern
Ballard,LastName, Modern
Bamford,LastName, Modern
Banks,LastName, Modern
Bannister,LastName, Modern
Barber,LastName, Modern
Barclay,LastName, Modern
Barker,LastName, Modern
Barlow,LastName, Modern
Barnard,LastName, Modern
Barnes,LastName, Modern
Barnett,LastName, Modern
Barr,LastName, Modern
Barratt,LastName, Modern
Barrett,LastName, Modern
Barron,LastName, Modern
Barrow,LastName, Modern
Barry,LastName, Modern
Bartlett,LastName, Modern
Barton,LastName, Modern
Bashir,LastName, Modern
Batchelor,LastName, Modern
Bateman,LastName, Modern
Bates,LastName, Modern
Baxter,LastName, Modern
Bayliss,LastName, Modern
Beale,LastName, Modern
Beattie,LastName, Modern
Beaumont,LastName, Modern
Beck,LastName, Modern
Beckett,LastName, Modern
Bedford,LastName, Modern
Bee,LastName, Modern
Beech,LastName, Modern
Beer,LastName, Modern
Begum,LastName, Modern
Belcher,LastName, Modern
Bell,LastName, Modern
Bellamy,LastName, Modern
Bennett,LastName, Modern
Benson,LastName, Modern
Bentley,LastName, Modern
Berry,LastName, Modern
Best,LastName, Modern
Betts,LastName, Modern
Bevan,LastName, Modern
Bfd,LastName, Modern
Bhatt,LastName, Modern
Bhatti,LastName, Modern
Bingham,LastName, Modern
Birch,LastName, Modern
Bird,LastName, Modern
Bishop,LastName, Modern
Black,LastName, Modern
Blackburn,LastName, Modern
Blackmore,LastName, Modern
Blackwell,LastName, Modern
Blair,LastName, Modern
Blake,LastName, Modern
Bland,LastName, Modern
Boardman,LastName, Modern
Boden,LastName, Modern
Bolton,LastName, Modern
Bond,LastName, Modern
Bone,LastName, Modern
Booker,LastName, Modern
Booth,LastName, Modern
Boswell,LastName, Modern
Bourne,LastName, Modern
Bowden,LastName, Modern
Bowen,LastName, Modern
Bowers,LastName, Modern
Bowler,LastName, Modern
Bowles,LastName, Modern
Bowman,LastName, Modern
Boyce,LastName, Modern
Boyd,LastName, Modern
Boyle,LastName, Modern
Bradbury,LastName, Modern
Bradford,LastName, Modern
Bradley,LastName, Modern
Bradshaw,LastName, Modern
Brady,LastName, Modern
Brand,LastName, Modern
Bray,LastName, Modern
Brennan,LastName, Modern
Brett,LastName, Modern
Brewer,LastName, Modern
Bridge,LastName, Modern
Brierley,LastName, Modern
Briggs,LastName, Modern
Bright,LastName, Modern
Britton,LastName, Modern
Broadbent,LastName, Modern
Brodie,LastName, Modern
Brook,LastName, Modern
Brooke,LastName, Modern
Brooker,LastName, Modern
Brookes,LastName, Modern
Brooks,LastName, Modern
Broome,LastName, Modern
Brough,LastName, Modern
Brown,LastName, Modern
Browne,LastName, Modern
Browning,LastName, Modern
Bruce,LastName, Modern
Bryan,LastName, Modern
Bryant,LastName, Modern
Buchan,LastName, Modern
Buchanan,LastName, Modern
Buck,LastName, Modern
Buckley,LastName, Modern
Bull,LastName, Modern
Bullock,LastName, Modern
Burgess,LastName, Modern
Burke,LastName, Modern
Burnett,LastName, Modern
Burns,LastName, Modern
Burrows,LastName, Modern
Burt,LastName, Modern
Burton,LastName, Modern
Bush,LastName, Modern
Butcher,LastName, Modern
Butler,LastName, Modern
Butt,LastName, Modern
Butterworth,LastName, Modern
Byrne,LastName, Modern
Cahill,LastName, Modern
Cai,LastName, Modern
Cain,LastName, Modern
Cairns,LastName, Modern
Caldwell,LastName, Modern
Callaghan,LastName, Modern
Calvert,LastName, Modern
Cameron,LastName, Modern
Campbell,LastName, Modern
Cannon,LastName, Modern
Cao,LastName, Modern
Carey,LastName, Modern
Carmichael,LastName, Modern
Carney,LastName, Modern
Carpenter,LastName, Modern
Carr,LastName, Modern
Carrington,LastName, Modern
Carroll,LastName, Modern
Carson,LastName, Modern
Carter,LastName, Modern
Cartwright,LastName, Modern
Casey,LastName, Modern
Cass,LastName, Modern
Cassidy,LastName, Modern
Castle,LastName, Modern
Cave,LastName, Modern
Chadwick,LastName, Modern
Chalmers,LastName, Modern
Chamberlain,LastName, Modern
Chambers,LastName, Modern
Chan,LastName, Modern
Chandler,LastName, Modern
Chapman,LastName, Modern
Charles,LastName, Modern
Charlton,LastName, Modern
Chaudhari,LastName, Modern
Chaudhary,LastName, Modern
Chauhan,LastName, Modern
Chavda,LastName, Modern
Cheetham,LastName, Modern
Chen,LastName, Modern
Cheng,LastName, Modern
Cherry,LastName, Modern
Chester,LastName, Modern
Cheung,LastName, Modern
Childs,LastName, Modern
Choudhury,LastName, Modern
Chowdhury,LastName, Modern
Christie,LastName, Modern
Church,LastName, Modern
Clare,LastName, Modern
Clark,LastName, Modern
Clarke,LastName, Modern
Clarkson,LastName, Modern
Clayton,LastName, Modern
Cleary,LastName, Modern
Clegg,LastName, Modern
Clements,LastName, Modern
Clifford,LastName, Modern
Close,LastName, Modern
Clough,LastName, Modern
Coates,LastName, Modern
Cochrane,LastName, Modern
Cole,LastName, Modern
Coleman,LastName, Modern
Coles,LastName, Modern
Collett,LastName, Modern
Collier,LastName, Modern
Collins,LastName, Modern
Compton,LastName, Modern
Connell,LastName, Modern
Connelly,LastName, Modern
Connolly,LastName, Modern
Connor,LastName, Modern
Conroy,LastName, Modern
Conway,LastName, Modern
Cook,LastName, Modern
Cooke,LastName, Modern
Coombs,LastName, Modern
Cooper,LastName, Modern
Cope,LastName, Modern
Corbett,LastName, Modern
Corr,LastName, Modern
Corrigan,LastName, Modern
Cosgrove,LastName, Modern
Costa,LastName, Modern
Costello,LastName, Modern
Cotton,LastName, Modern
Coulson,LastName, Modern
Coupland,LastName, Modern
Courtney,LastName, Modern
Cousins,LastName, Modern
Cowan,LastName, Modern
Cowell,LastName, Modern
Cowley,LastName, Modern
Cox,LastName, Modern
Coyle,LastName, Modern
Craig,LastName, Modern
Crane,LastName, Modern
Craven,LastName, Modern
Crawford,LastName, Modern
Cresswell,LastName, Modern
Croft,LastName, Modern
Crompton,LastName, Modern
Crook,LastName, Modern
Crosby,LastName, Modern
Cross,LastName, Modern
Crossley,LastName, Modern
Crowe,LastName, Modern
Crowther,LastName, Modern
Cruz,LastName, Modern
Cullen,LastName, Modern
Cummings,LastName, Modern
Cummins,LastName, Modern
Cunningham,LastName, Modern
Curran,LastName, Modern
Currie,LastName, Modern
Curry,LastName, Modern
Curtis,LastName, Modern
Cuthbert,LastName, Modern
Dale,LastName, Modern
Dalton,LastName, Modern
Daly,LastName, Modern
Dan,LastName, Modern
Daniel,LastName, Modern
Daniels,LastName, Modern
Darby,LastName, Modern
Dave,LastName, Modern
Davenport,LastName, Modern
Davey,LastName, Modern
David,LastName, Modern
Davidson,LastName, Modern
Davies,LastName, Modern
Davis,LastName, Modern
Davison,LastName, Modern
Dawson,LastName, Modern
Day,LastName, Modern
Deacon,LastName, Modern
Deakin,LastName, Modern
Dean,LastName, Modern
Dee,LastName, Modern
Delaney,LastName, Modern
Dempsey,LastName, Modern
Deng,LastName, Modern
Dennis,LastName, Modern
Dent,LastName, Modern
Denton,LastName, Modern
Desai,LastName, Modern
Devine,LastName, Modern
Devlin,LastName, Modern
Diamond,LastName, Modern
Dickens,LastName, Modern
Dickinson,LastName, Modern
Dickson,LastName, Modern
Dillon,LastName, Modern
Ding,LastName, Modern
Dixon,LastName, Modern
Dobson,LastName, Modern
Docherty,LastName, Modern
Dodd,LastName, Modern
Dodds,LastName, Modern
Doherty,LastName, Modern
Don,LastName, Modern
Donald,LastName, Modern
Donaldson,LastName, Modern
Donnelly,LastName, Modern
Donovan,LastName, Modern
Doran,LastName, Modern
Douglas,LastName, Modern
Dowling,LastName, Modern
Downey,LastName, Modern
Downing,LastName, Modern
Downs,LastName, Modern
Doyle,LastName, Modern
Drake,LastName, Modern
Draper,LastName, Modern
Drew,LastName, Modern
Driscoll,LastName, Modern
Drummond,LastName, Modern
Drury,LastName, Modern
Du,LastName, Modern
Dudley,LastName, Modern
Duff,LastName, Modern
Duffy,LastName, Modern
Duggan,LastName, Modern
Duke,LastName, Modern
Dunbar,LastName, Modern
Duncan,LastName, Modern
Dunn,LastName, Modern
Dunne,LastName, Modern
Durrant,LastName, Modern
Dutton,LastName, Modern
Dyer,LastName, Modern
Dyson,LastName, Modern
Earl,LastName, Modern
Easton,LastName, Modern
Eastwood,LastName, Modern
Eaton,LastName, Modern
Eccles,LastName, Modern
Edgar,LastName, Modern
Edge,LastName, Modern
Edmonds,LastName, Modern
Edwards,LastName, Modern
Egan,LastName, Modern
Elizabeth,LastName, Modern
Elliott,LastName, Modern
Ellis,LastName, Modern
Ellison,LastName, Modern
Emery,LastName, Modern
English,LastName, Modern
Evans,LastName, Modern
Fagan,LastName, Modern
Fang,LastName, Modern
Farmer,LastName, Modern
Farrell,LastName, Modern
Farrington,LastName, Modern
Farrow,LastName, Modern
Faulkner,LastName, Modern
Fawcett,LastName, Modern
Fellows,LastName, Modern
Feng,LastName, Modern
Fenton,LastName, Modern
Ferguson,LastName, Modern
Fernandes,LastName, Modern
Fernandez,LastName, Modern
Ferreira,LastName, Modern
Field,LastName, Modern
Fielding,LastName, Modern
Finch,LastName, Modern
Findlay,LastName, Modern
Finlay,LastName, Modern
Finn,LastName, Modern
Finney,LastName, Modern
Firth,LastName, Modern
Fish,LastName, Modern
Fisher,LastName, Modern
Fitzgerald,LastName, Modern
Fitzpatrick,LastName, Modern
Flanagan,LastName, Modern
Fleming,LastName, Modern
Fletcher,LastName, Modern
Flynn,LastName, Modern
Foley,LastName, Modern
Forbes,LastName, Modern
Ford,LastName, Modern
Forrest,LastName, Modern
Forrester,LastName, Modern
Forster,LastName, Modern
Forsyth,LastName, Modern
Foster,LastName, Modern
Fowler,LastName, Modern
Fox,LastName, Modern
Foy,LastName, Modern
Francis,LastName, Modern
Franklin,LastName, Modern
Franks,LastName, Modern
Fraser,LastName, Modern
Freeman,LastName, Modern
French,LastName, Modern
Frost,LastName, Modern
Fry,LastName, Modern
Fu,LastName, Modern
Fuller,LastName, Modern
Gale,LastName, Modern
Gallacher,LastName, Modern
Gallagher,LastName, Modern
Galloway,LastName, Modern
Gamble,LastName, Modern
Gandhi,LastName, Modern
Gao,LastName, Modern
Gardiner,LastName, Modern
Gardner,LastName, Modern
Garner,LastName, Modern
Garrett,LastName, Modern
Garside,LastName, Modern
Gates,LastName, Modern
Gee,LastName, Modern
George,LastName, Modern
Gibbons,LastName, Modern
Gibbs,LastName, Modern
Gibson,LastName, Modern
Gilbert,LastName, Modern
Gilchrist,LastName, Modern
Giles,LastName, Modern
Gill,LastName, Modern
Gillard,LastName, Modern
Gillespie,LastName, Modern
Gilmour,LastName, Modern
Glass,LastName, Modern
Glover,LastName, Modern
Goddard,LastName, Modern
Godfrey,LastName, Modern
Gohil,LastName, Modern
Golding,LastName, Modern
Gonzalez,LastName, Modern
Goodall,LastName, Modern
Goodman,LastName, Modern
Goodwin,LastName, Modern
Gordon,LastName, Modern
Gore,LastName, Modern
Gorman,LastName, Modern
Gosling,LastName, Modern
Gough,LastName, Modern
Gould,LastName, Modern
Grace,LastName, Modern
Graham,LastName, Modern
Grainger,LastName, Modern
Grant,LastName, Modern
Graves,LastName, Modern
Gray,LastName, Modern
Greaves,LastName, Modern
Green,LastName, Modern
Greene,LastName, Modern
Greenhalgh,LastName, Modern
Greenwood,LastName, Modern
Greer,LastName, Modern
Gregory,LastName, Modern
Greig,LastName, Modern
Griffin,LastName, Modern
Griffith,LastName, Modern
Griffiths,LastName, Modern
Grimshaw,LastName, Modern
Groom,LastName, Modern
Grove,LastName, Modern
Groves,LastName, Modern
Guest,LastName, Modern
Gunn,LastName, Modern
Guo,LastName, Modern
Gupta,LastName, Modern
Guy,LastName, Modern
Hadley,LastName, Modern
Hague,LastName, Modern
Haigh,LastName, Modern
Haines,LastName, Modern
Hale,LastName, Modern
Hall,LastName, Modern
Hallam,LastName, Modern
Halliday,LastName, Modern
Halliwell,LastName, Modern
Hamer,LastName, Modern
Hamilton,LastName, Modern
Hammond,LastName, Modern
Hampson,LastName, Modern
Hampton,LastName, Modern
Han,LastName, Modern
Hancock,LastName, Modern
Hannah,LastName, Modern
Hanson,LastName, Modern
Hardie,LastName, Modern
Harding,LastName, Modern
Hardman,LastName, Modern
Hardy,LastName, Modern
Hargreaves,LastName, Modern
Harley,LastName, Modern
Harman,LastName, Modern
Harper,LastName, Modern
Harrington,LastName, Modern
Harris,LastName, Modern
Harrison,LastName, Modern
Hart,LastName, Modern
Hartley,LastName, Modern
Harvey,LastName, Modern
Harwood,LastName, Modern
Haslam,LastName, Modern
Hassan,LastName, Modern
Hatfield,LastName, Modern
Hatton,LastName, Modern
Hawkes,LastName, Modern
Hawkins,LastName, Modern
Hay,LastName, Modern
Hayden,LastName, Modern
Hayes,LastName, Modern
Haynes,LastName, Modern
Hayward,LastName, Modern
Haywood,LastName, Modern
He,LastName, Modern
Head,LastName, Modern
Healey,LastName, Modern
Healy,LastName, Modern
Heath,LastName, Modern
Heaton,LastName, Modern
Hedley,LastName, Modern
Henderson,LastName, Modern
Hendry,LastName, Modern
Henry,LastName, Modern
Henshaw,LastName, Modern
Herbert,LastName, Modern
Hetherington,LastName, Modern
Hewitt,LastName, Modern
Heywood,LastName, Modern
Hickman,LastName, Modern
Hicks,LastName, Modern
Higgins,LastName, Modern
Higgs,LastName, Modern
Hill,LastName, Modern
Hillier,LastName, Modern
Hills,LastName, Modern
Hilton,LastName, Modern
Hirst,LastName, Modern
Ho,LastName, Modern
Hoare,LastName, Modern
Hobbs,LastName, Modern
Hobson,LastName, Modern
Hodge,LastName, Modern
Hodges,LastName, Modern
Hodgkinson,LastName, Modern
Hodgson,LastName, Modern
Hodson,LastName, Modern
Hogan,LastName, Modern
Hogg,LastName, Modern
Holden,LastName, Modern
Holder,LastName, Modern
Holland,LastName, Modern
Hollis,LastName, Modern
Holloway,LastName, Modern
Holmes,LastName, Modern
Holt,LastName, Modern
Hood,LastName, Modern
Hooper,LastName, Modern
Hope,LastName, Modern
Hopkins,LastName, Modern
Hopkinson,LastName, Modern
Horne,LastName, Modern
Horton,LastName, Modern
Hough,LastName, Modern
Houghton,LastName, Modern
Houston,LastName, Modern
Howard,LastName, Modern
Howarth,LastName, Modern
Howe,LastName, Modern
Howell,LastName, Modern
Howells,LastName, Modern
Howes,LastName, Modern
Hu,LastName, Modern
Huang,LastName, Modern
Hubbard,LastName, Modern
Hudson,LastName, Modern
Hughes,LastName, Modern
Hull,LastName, Modern
Hume,LastName, Modern
Humphrey,LastName, Modern
Humphreys,LastName, Modern
Humphries,LastName, Modern
Hunt,LastName, Modern
Hunter,LastName, Modern
Hurst,LastName, Modern
Hussain,LastName, Modern
Hutchings,LastName, Modern
Hutchinson,LastName, Modern
Hutchison,LastName, Modern
Hutton,LastName, Modern
Hyde,LastName, Modern
Ingham,LastName, Modern
Ingram,LastName, Modern
Innes,LastName, Modern
Iqbal,LastName, Modern
Ireland,LastName, Modern
Irvine,LastName, Modern
Irving,LastName, Modern
Isherwood,LastName, Modern
Islam,LastName, Modern
Ismail,LastName, Modern
Ives,LastName, Modern
Jack,LastName, Modern
Jackson,LastName, Modern
Jacobs,LastName, Modern
Jadav,LastName, Modern
Jade,LastName, Modern
Jadeja,LastName, Modern
Jain,LastName, Modern
James,LastName, Modern
Jamieson,LastName, Modern
Jane,LastName, Modern
Jarvis,LastName, Modern
Jay,LastName, Modern
Jayne,LastName, Modern
Jeffery,LastName, Modern
Jeffrey,LastName, Modern
Jenkins,LastName, Modern
Jenkinson,LastName, Modern
Jennings,LastName, Modern
Jiang,LastName, Modern
Jin,LastName, Modern
John,LastName, Modern
Johns,LastName, Modern
Johnson,LastName, Modern
Johnston,LastName, Modern
Johnstone,LastName, Modern
Jones,LastName, Modern
Jordan,LastName, Modern
Joseph,LastName, Modern
Joshi,LastName, Modern
Joyce,LastName, Modern
Judge,LastName, Modern
Kane,LastName, Modern
Kaur,LastName, Modern
Kavanagh,LastName, Modern
Kay,LastName, Modern
Keegan,LastName, Modern
Keeling,LastName, Modern
Keen,LastName, Modern
Keenan,LastName, Modern
Kelly,LastName, Modern
Kemp,LastName, Modern
Kendall,LastName, Modern
Kennedy,LastName, Modern
Kenny,LastName, Modern
Kent,LastName, Modern
Kenyon,LastName, Modern
Kerr,LastName, Modern
Kerry,LastName, Modern
Kershaw,LastName, Modern
Khalil,LastName, Modern
Khan,LastName, Modern
Kidd,LastName, Modern
Kim,LastName, Modern
King,LastName, Modern
Kirby,LastName, Modern
Kirk,LastName, Modern
Kirkham,LastName, Modern
Knight,LastName, Modern
Knowles,LastName, Modern
Knox,LastName, Modern
Kumar,LastName, Modern
Kyle,LastName, Modern
Lacey,LastName, Modern
Lafferty,LastName, Modern
Lake,LastName, Modern
Lamb,LastName, Modern
Lambert,LastName, Modern
Lancaster,LastName, Modern
Lane,LastName, Modern
Lang,LastName, Modern
Langford,LastName, Modern
Langley,LastName, Modern
Larkin,LastName, Modern
Latham,LastName, Modern
Lavery,LastName, Modern
Law,LastName, Modern
Lawlor,LastName, Modern
Lawrence,LastName, Modern
Lawson,LastName, Modern
Lawton,LastName, Modern
Lea,LastName, Modern
Leach,LastName, Modern
Lee,LastName, Modern
Lees,LastName, Modern
Leigh,LastName, Modern
Leighton,LastName, Modern
Lennon,LastName, Modern
Leonard,LastName, Modern
Lewis,LastName, Modern
Li,LastName, Modern
Liang,LastName, Modern
Liddle,LastName, Modern
Lin,LastName, Modern
Lindsay,LastName, Modern
Lister,LastName, Modern
Little,LastName, Modern
Liu,LastName, Modern
Llewellyn,LastName, Modern
Lloyd,LastName, Modern
Lock,LastName, Modern
Lockwood,LastName, Modern
Lodge,LastName, Modern
Logan,LastName, Modern
Lomas,LastName, Modern
Lomax,LastName, Modern
London,LastName, Modern
Long,LastName, Modern
Lord,LastName, Modern
Lou,LastName, Modern
Louise,LastName, Modern
Love,LastName, Modern
Lovell,LastName, Modern
Low,LastName, Modern
Lowe,LastName, Modern
Lowry,LastName, Modern
Lu,LastName, Modern
Lucas,LastName, Modern
Lunn,LastName, Modern
Luo,LastName, Modern
Lynch,LastName, Modern
Lynn,LastName, Modern
Lyon,LastName, Modern
Lyons,LastName, Modern
Ma,LastName, Modern
Mac,LastName, Modern
Macdonald,LastName, Modern
Macfarlane,LastName, Modern
Mack,LastName, Modern
Mackay,LastName, Modern
Mackenzie,LastName, Modern
Mackie,LastName, Modern
Mackinnon,LastName, Modern
Maclean,LastName, Modern
Macleod,LastName, Modern
Maddison,LastName, Modern
Magee,LastName, Modern
Maguire,LastName, Modern
Maher,LastName, Modern
Mahmood,LastName, Modern
Major,LastName, Modern
Makwana,LastName, Modern
Malcolm,LastName, Modern
Malik,LastName, Modern
Malone,LastName, Modern
Man,LastName, Modern
Mann,LastName, Modern
Manning,LastName, Modern
Mansell,LastName, Modern
Mansfield,LastName, Modern
Marie,LastName, Modern
Marks,LastName, Modern
Marr,LastName, Modern
Marriott,LastName, Modern
Marsden,LastName, Modern
Marsh,LastName, Modern
Marshall,LastName, Modern
Martin,LastName, Modern
Martinez,LastName, Modern
Martins,LastName, Modern
Mason,LastName, Modern
Massey,LastName, Modern
Masters,LastName, Modern
Mather,LastName, Modern
Matthews,LastName, Modern
Maxwell,LastName, Modern
May,LastName, Modern
Mc,LastName, Modern
Mcallister,LastName, Modern
Mcbride,LastName, Modern
Mccabe,LastName, Modern
Mccallum,LastName, Modern
Mccann,LastName, Modern
Mccarthy,LastName, Modern
Mccloskey,LastName, Modern
Mcclure,LastName, Modern
Mccoll,LastName, Modern
Mcconnell,LastName, Modern
Mccormack,LastName, Modern
Mccormick,LastName, Modern
Mcculloch,LastName, Modern
Mcdermott,LastName, Modern
Mcdonagh,LastName, Modern
Mcdonald,LastName, Modern
Mcdonnell,LastName, Modern
Mcdougall,LastName, Modern
Mcewan,LastName, Modern
Mcfarlane,LastName, Modern
Mcgarry,LastName, Modern
Mcgee,LastName, Modern
Mcghee,LastName, Modern
Mcgowan,LastName, Modern
Mcgrath,LastName, Modern
Mcgregor,LastName, Modern
Mcguinness,LastName, Modern
Mcguire,LastName, Modern
Mcintosh,LastName, Modern
Mcintyre,LastName, Modern
Mckay,LastName, Modern
Mckee,LastName, Modern
Mckenna,LastName, Modern
Mckenzie,LastName, Modern
Mckeown,LastName, Modern
Mcknight,LastName, Modern
Mclaren,LastName, Modern
Mclaughlin,LastName, Modern
Mclean,LastName, Modern
Mcleod,LastName, Modern
Mcloughlin,LastName, Modern
Mcmahon,LastName, Modern
Mcmanus,LastName, Modern
Mcmillan,LastName, Modern
Mcnally,LastName, Modern
Mcnamara,LastName, Modern
Mcneill,LastName, Modern
Mcpherson,LastName, Modern
Mcshane,LastName, Modern
Mead,LastName, Modern
Meek,LastName, Modern
Mehta,LastName, Modern
Mellor,LastName, Modern
Mercer,LastName, Modern
Meredith,LastName, Modern
Metcalfe,LastName, Modern
Miah,LastName, Modern
Michael,LastName, Modern
Middleton,LastName, Modern
Miles,LastName, Modern
Millar,LastName, Modern
Miller,LastName, Modern
Milligan,LastName, Modern
Millington,LastName, Modern
Mills,LastName, Modern
Milne,LastName, Modern
Milner,LastName, Modern
Milton,LastName, Modern
Mirza,LastName, Modern
Mistry,LastName, Modern
Mitchell,LastName, Modern
Modi,LastName, Modern
Moffat,LastName, Modern
Mohamed,LastName, Modern
Mohammed,LastName, Modern
Molloy,LastName, Modern
Monaghan,LastName, Modern
Monk,LastName, Modern
Montgomery,LastName, Modern
Moody,LastName, Modern
Moon,LastName, Modern
Mooney,LastName, Modern
Moore,LastName, Modern
Moran,LastName, Modern
Morgan,LastName, Modern
Morley,LastName, Modern
Morris,LastName, Modern
Morrison,LastName, Modern
Mortimer,LastName, Modern
Morton,LastName, Modern
Moss,LastName, Modern
Mountain,LastName, Modern
Mountford,LastName, Modern
Mowbray,LastName, Modern
Muir,LastName, Modern
Mullan,LastName, Modern
Mullen,LastName, Modern
Mullins,LastName, Modern
Munro,LastName, Modern
Murphy,LastName, Modern
Murray,LastName, Modern
Myers,LastName, Modern
Nash,LastName, Modern
Nawaz,LastName, Modern
Naylor,LastName, Modern
Neal,LastName, Modern
Neale,LastName, Modern
Needham,LastName, Modern
Neill,LastName, Modern
Nelson,LastName, Modern
Neville,LastName, Modern
New,LastName, Modern
Newby,LastName, Modern
Newell,LastName, Modern
Newman,LastName, Modern
Newton,LastName, Modern
Nguyen,LastName, Modern
Ni,LastName, Modern
Nicholas,LastName, Modern
Nicholls,LastName, Modern
Nichols,LastName, Modern
Nicholson,LastName, Modern
Nicol,LastName, Modern
Nightingale,LastName, Modern
Nixon,LastName, Modern
Noble,LastName, Modern
Nolan,LastName, Modern
Norman,LastName, Modern
Norris,LastName, Modern
North,LastName, Modern
Norton,LastName, Modern
Nowak,LastName, Modern
Nugent,LastName, Modern
Nunn,LastName, Modern
Oakes,LastName, Modern
Oakley,LastName, Modern
Obrien,LastName, Modern
Oconnell,LastName, Modern
Oconnor,LastName, Modern
Odell,LastName, Modern
Odonnell,LastName, Modern
Ogden,LastName, Modern
Ogrady,LastName, Modern
Ohara,LastName, Modern
Ohare,LastName, Modern
Oleary,LastName, Modern
Oliveira,LastName, Modern
Oliver,LastName, Modern
Oneil,LastName, Modern
Oneill,LastName, Modern
Oreilly,LastName, Modern
Orourke,LastName, Modern
Orr,LastName, Modern
Osborne,LastName, Modern
Osullivan,LastName, Modern
Otoole,LastName, Modern
Owen,LastName, Modern
Owens,LastName, Modern
Page,LastName, Modern
Palmer,LastName, Modern
Pan,LastName, Modern
Panchal,LastName, Modern
Park,LastName, Modern
Parker,LastName, Modern
Parkes,LastName, Modern
Parkin,LastName, Modern
Parkinson,LastName, Modern
Parmar,LastName, Modern
Parr,LastName, Modern
Parry,LastName, Modern
Parsons,LastName, Modern
Partridge,LastName, Modern
Patel,LastName, Modern
Paterson,LastName, Modern
Paton,LastName, Modern
Patterson,LastName, Modern
Pattison,LastName, Modern
Paul,LastName, Modern
Payne,LastName, Modern
Peacock,LastName, Modern
Pearce,LastName, Modern
Pearson,LastName, Modern
Peng,LastName, Modern
Penny,LastName, Modern
Pereira,LastName, Modern
Perkins,LastName, Modern
Perry,LastName, Modern
Peters,LastName, Modern
Phillips,LastName, Modern
Philpott,LastName, Modern
Phipps,LastName, Modern
Pickering,LastName, Modern
Pierce,LastName, Modern
Pike,LastName, Modern
Pinder,LastName, Modern
Pinto,LastName, Modern
Piper,LastName, Modern
Pitt,LastName, Modern
Platt,LastName, Modern
Pollard,LastName, Modern
Pollock,LastName, Modern
Poole,LastName, Modern
Pope,LastName, Modern
Porter,LastName, Modern
Potter,LastName, Modern
Potts,LastName, Modern
Powell,LastName, Modern
Power,LastName, Modern
Prajapati,LastName, Modern
Pratt,LastName, Modern
Preece,LastName, Modern
Preston,LastName, Modern
Price,LastName, Modern
Priest,LastName, Modern
Prince,LastName, Modern
Prior,LastName, Modern
Pritchard,LastName, Modern
Proctor,LastName, Modern
Pugh,LastName, Modern
Pullen,LastName, Modern
Purcell,LastName, Modern
Purvis,LastName, Modern
Quinn,LastName, Modern
Radford,LastName, Modern
Rae,LastName, Modern
Rahman,LastName, Modern
Raj,LastName, Modern
Raja,LastName, Modern
Rajput,LastName, Modern
Ralph,LastName, Modern
Ramsay,LastName, Modern
Ramsden,LastName, Modern
Ramsey,LastName, Modern
Rana,LastName, Modern
Randall,LastName, Modern
Rankin,LastName, Modern
Rashid,LastName, Modern
Rathod,LastName, Modern
Raval,LastName, Modern
Ray,LastName, Modern
Rayner,LastName, Modern
Read,LastName, Modern
Reed,LastName, Modern
Rees,LastName, Modern
Reeve,LastName, Modern
Reeves,LastName, Modern
Regan,LastName, Modern
Rehman,LastName, Modern
Reid,LastName, Modern
Reilly,LastName, Modern
Ren,LastName, Modern
Reynolds,LastName, Modern
Rhodes,LastName, Modern
Rice,LastName, Modern
Richards,LastName, Modern
Richardson,LastName, Modern
Richmond,LastName, Modern
Ridley,LastName, Modern
Rigby,LastName, Modern
Riley,LastName, Modern
Ritchie,LastName, Modern
Roach,LastName, Modern
Robb,LastName, Modern
Roberts,LastName, Modern
Robertson,LastName, Modern
Robins,LastName, Modern
Robinson,LastName, Modern
Robson,LastName, Modern
Rodgers,LastName, Modern
Rodriguez,LastName, Modern
Roe,LastName, Modern
Rogers,LastName, Modern
Rogerson,LastName, Modern
Rooney,LastName, Modern
Roper,LastName, Modern
Rose,LastName, Modern
Ross,LastName, Modern
Rowe,LastName, Modern
Rowland,LastName, Modern
Rowlands,LastName, Modern
Rowley,LastName, Modern
Roy,LastName, Modern
Rudd,LastName, Modern
Rushton,LastName, Modern
Russell,LastName, Modern
Rutherford,LastName, Modern
Rutter,LastName, Modern
Ryan,LastName, Modern
Ryder,LastName, Modern
Sadler,LastName, Modern
Sagar,LastName, Modern
Salmon,LastName, Modern
Salter,LastName, Modern
Sampson,LastName, Modern
Sanchez,LastName, Modern
Sanders,LastName, Modern
Sanderson,LastName, Modern
Sandhu,LastName, Modern
Santos,LastName, Modern
Sargent,LastName, Modern
Saunders,LastName, Modern
Savage,LastName, Modern
Sawyer,LastName, Modern
Schofield,LastName, Modern
Scott,LastName, Modern
Seddon,LastName, Modern
Selby,LastName, Modern
Senior,LastName, Modern
Sewell,LastName, Modern
Seymour,LastName, Modern
Shah,LastName, Modern
Shaikh,LastName, Modern
Shannon,LastName, Modern
Sharkey,LastName, Modern
Sharma,LastName, Modern
Sharp,LastName, Modern
Sharpe,LastName, Modern
Shaw,LastName, Modern
Shearer,LastName, Modern
Sheikh,LastName, Modern
Sheldon,LastName, Modern
Shen,LastName, Modern
Shepherd,LastName, Modern
Sheppard,LastName, Modern
Sheridan,LastName, Modern
Sherwood,LastName, Modern
Shi,LastName, Modern
Shields,LastName, Modern
Shipley,LastName, Modern
Short,LastName, Modern
Silva,LastName, Modern
Simmonds,LastName, Modern
Simmons,LastName, Modern
Simms,LastName, Modern
Simon,LastName, Modern
Simons,LastName, Modern
Simpson,LastName, Modern
Sims,LastName, Modern
Sinclair,LastName, Modern
Singh,LastName, Modern
Singleton,LastName, Modern
Skelton,LastName, Modern
Skinner,LastName, Modern
Slade,LastName, Modern
Slater,LastName, Modern
Sloan,LastName, Modern
Small,LastName, Modern
Smart,LastName, Modern
Smith,LastName, Modern
Smyth,LastName, Modern
Snape,LastName, Modern
Solanki,LastName, Modern
Soni,LastName, Modern
Sparkes,LastName, Modern
Sparks,LastName, Modern
Spence,LastName, Modern
Spencer,LastName, Modern
Squires,LastName, Modern
Stacey,LastName, Modern
Stafford,LastName, Modern
Stanley,LastName, Modern
Stanton,LastName, Modern
Stead,LastName, Modern
Steel,LastName, Modern
Steele,LastName, Modern
Steer,LastName, Modern
Stephen,LastName, Modern
Stephens,LastName, Modern
Stephenson,LastName, Modern
Stevens,LastName, Modern
Stevenson,LastName, Modern
Stewart,LastName, Modern
Stockton,LastName, Modern
Stokes,LastName, Modern
Stone,LastName, Modern
Stones,LastName, Modern
Storey,LastName, Modern
Stott,LastName, Modern
Street,LastName, Modern
Stringer,LastName, Modern
Stuart,LastName, Modern
Stubbs,LastName, Modern
Sullivan,LastName, Modern
Summers,LastName, Modern
Sumner,LastName, Modern
Sun,LastName, Modern
Sutcliffe,LastName, Modern
Suthar,LastName, Modern
Sutherland,LastName, Modern
Sutton,LastName, Modern
Swain,LastName, Modern
Swan,LastName, Modern
Sweeney,LastName, Modern
Swift,LastName, Modern
Sykes,LastName, Modern
Taggart,LastName, Modern
Tait,LastName, Modern
Talbot,LastName, Modern
Tan,LastName, Modern
Tang,LastName, Modern
Tao,LastName, Modern
Tate,LastName, Modern
Taylor,LastName, Modern
Terry,LastName, Modern
Thakkar,LastName, Modern
Thakor,LastName, Modern
Thomas,LastName, Modern
Thompson,LastName, Modern
Thomson,LastName, Modern
Thorne,LastName, Modern
Thornton,LastName, Modern
Thorpe,LastName, Modern
Tian,LastName, Modern
Todd,LastName, Modern
Tomlinson,LastName, Modern
Tong,LastName, Modern
Townsend,LastName, Modern
Tracey,LastName, Modern
Trivedi,LastName, Modern
Tucker,LastName, Modern
Turnbull,LastName, Modern
Turner,LastName, Modern
Turton,LastName, Modern
Tyler,LastName, Modern
Tyson,LastName, Modern
Uddin,LastName, Modern
Underwood,LastName, Modern
Upton,LastName, Modern
Urquhart,LastName, Modern
Vaghela,LastName, Modern
Valentine,LastName, Modern
Vasava,LastName, Modern
Vaughan,LastName, Modern
Vernon,LastName, Modern
Vickers,LastName, Modern
Vincent,LastName, Modern
Wade,LastName, Modern
Wainwright,LastName, Modern
Waite,LastName, Modern
Wakefield,LastName, Modern
Walker,LastName, Modern
Wall,LastName, Modern
Wallace,LastName, Modern
Waller,LastName, Modern
Wallis,LastName, Modern
Walsh,LastName, Modern
Walters,LastName, Modern
Walton,LastName, Modern
Wang,LastName, Modern
Warburton,LastName, Modern
Ward,LastName, Modern
Wardle,LastName, Modern
Warner,LastName, Modern
Warren,LastName, Modern
Warwick,LastName, Modern
Waters,LastName, Modern
Watkins,LastName, Modern
Watson,LastName, Modern
Watt,LastName, Modern
Watts,LastName, Modern
Weaver,LastName, Modern
Webb,LastName, Modern
Webber,LastName, Modern
Webster,LastName, Modern
Weeks,LastName, Modern
Wei,LastName, Modern
Weir,LastName, Modern
Welch,LastName, Modern
Weller,LastName, Modern
Wells,LastName, Modern
Welsh,LastName, Modern
West,LastName, Modern
Weston,LastName, Modern
Westwood,LastName, Modern
Wharton,LastName, Modern
Wheeler,LastName, Modern
Whelan,LastName, Modern
White,LastName, Modern
Whitehead,LastName, Modern
Whitehouse,LastName, Modern
Whitfield,LastName, Modern
Whiting,LastName, Modern
Whittaker,LastName, Modern
Whittle,LastName, Modern
Whitworth,LastName, Modern
Whyte,LastName, Modern
Wilcox,LastName, Modern
Wild,LastName, Modern
Wilde,LastName, Modern
Wilkes,LastName, Modern
Wilkins,LastName, Modern
Wilkinson,LastName, Modern
Williams,LastName, Modern
Williamson,LastName, Modern
Willis,LastName, Modern
Wills,LastName, Modern
Wilson,LastName, Modern
Wiltshire,LastName, Modern
Winstanley,LastName, Modern
Winter,LastName, Modern
Wise,LastName, Modern
Withers,LastName, Modern
Wong,LastName, Modern
Wood,LastName, Modern
Woodcock,LastName, Modern
Woodhouse,LastName, Modern
Woods,LastName, Modern
Woodward,LastName, Modern
Woolley,LastName, Modern
Worrall,LastName, Modern
Worthington,LastName, Modern
Wright,LastName, Modern
Wu,LastName, Modern
Wyatt,LastName, Modern
Wylie,LastName, Modern
Xie,LastName, Modern
Xu,LastName, Modern
Yadav,LastName, Modern
Yan,LastName, Modern
Yang,LastName, Modern
Yao,LastName, Modern
Yates,LastName, Modern
Ye,LastName, Modern
Yin,LastName, Modern
Young,LastName, Modern
Yu,LastName, Modern
Yuan,LastName, Modern
Zhang,LastName, Modern
Zhao,LastName, Modern
Zheng,LastName, Modern
Zhou,LastName, Modern
Zhu,LastName, Modern
Zou,LastName, Modern
