Arms,RetailerFood, Savory, Vegetable, MeatMammal, MeatBird, MeatFish, DrinkSoft, DrinkAlcohol, Modern, Medieval, Fantasy
Bakery,RetailerFood, Savory, Dessert, Baked, Modern, Medieval, Fantasy
Bar,RetailerFood, Savory, DrinkAlcohol, DrinkSpirit, Modern, Medieval, Fantasy
Brasserie,RetailerFood, Savory, MeatMammal, Modern
Cafe,RetailerFood, Savory, Dessert, Baked, MeatMammal, MeatBird, DrinkSoft, DrinkHot, Modern
Chippie,RetailerFood, Savory, MeatFish, Modern
Coffee,RetailerFood, Savory, Dessert, Baked, MeatMammal, MeatBird, DrinkSoft, DrinkHot, Modern
Diner,RetailerFood, Savory, Vegetable, MeatMammal, MeatBird, MeatFish, DrinkSoft, Modern
Grill,RetailerFood,  Savory, Vegetable, MeatMammal, MeatBird, DrinkSoft, Modern
Inn,RetailerFood,Savory, Vegetable, MeatMammal, MeatBird, MeatFish, DrinkSoft, DrinkAlcohol, Modern, Medieval, Fantasy
Kebab,RetailerFood, Savory, MeatMammal, Modern
Kebabs,RetailerFood, Savory, MeatMammal, Modern
Kitchen,RetailerFood, Savory, Vegetable, MeatMammal, MeatBird, MeatFish, DrinkSoft, Modern, Medieval, Fantasy
Pizza,RetailerFood, Savory, Vegetable, MeatMammal, MeatBird, MeatFish, DrinkSoft, Modern
Pizzas,RetailerFood, Savory, Vegetable, MeatMammal, MeatBird, MeatFish, DrinkSoft, Modern
Sushi,RetailerFood, Savory, Vegetable, MeatFish, DrinkSoft, Modern
Sushi-Bar,RetailerFood, Savory, Vegetable, MeatFish, DrinkSoft, Modern
Tap Room,RetailerFood, Savory, Vegetable, MeatMammal, MeatBird, MeatFish, DrinkSoft, DrinkAlcohol, Modern, Medieval, Fantasy
Waffle House,RetailerFood, Dessert, Baked, MeatMammal, MeatBird, DrinkSoft, DrinkHot, Modern
Bakers,RetailerSpecialist,  Savory, Dessert, Baked, Modern, Modern, Medieval, Fantasy
Beauty,RetailerSpecialist, Modern
Boots,RetailerSpecialist, Modern, Medieval, Fantasy
Bread,RetailerSpecialist, Modern, Medieval, Fantasy
Building Supplies,RetailerSpecialist, Modern
Butchers,RetailerSpecialist, Modern, Medieval, Fantasy
Car Hire,RetailerSpecialist, Modern
Cobblers,RetailerSpecialist, Modern, Medieval, Fantasy
Computers,RetailerSpecialist, Modern
Electronics Hut,RetailerSpecialist, Modern
Electronics,RetailerSpecialist, Modern
Fitness,RetailerSpecialist, Modern
Florists,RetailerSpecialist, Modern
Herbalists,RetailerSpecialist, Medieval, Fantasy
Guitars,RetailerSpecialist, Modern
Luthiers, RetailerSpecialist, Medieval, Fantasy
Gym,RetailerSpecialist, Modern
Hardware,RetailerSpecialist, Modern
Instruments,RetailerSpecialist, Modern, Medieval, Fantasy
Meats,RetailerSpecialist, Modern
Medicine,RetailerSpecialist, Modern
Pharmacy,RetailerSpecialist, Modern
Pianos,RetailerSpecialist, Modern
Salon,RetailerSpecialist, Modern
Shoes,RetailerSpecialist, Modern
Tailors,RetailerSpecialist, Modern, Medieval, Fantasy
Leatherworks, RetailerSpecialist, Modern, Medieval, Fantasy
Dressmakers,RetailerSpecialist,Modern,Medieval,Fantasy
Technology,RetailerSpecialist, Modern
Van Hire,RetailerSpecialist, Modern
Forge, RetailerSpecialist, Modern, Medieval, Fantasy
Smith, RetailerSpecialist, Fantasy
Smiths, RetailerSpecialist, Fantasy
Books, RetailerSpecialist, Modern, Medieval, Fantasy
Tomes, RetailerSpecialist, Medieval, Fantasy
Tonics, RetailerSpecialist, Medieval, Fantasy
Alchemists, ReatilerSpecialist, Medieval, Fantasy
Bookmakers, RetailerSpecialist, Modern, Medieval, Fantasy
Cures, RetailerSpecialist, Medieval, Fantasy
Potions, RetailerSpecialist, Medieval, Fantasy
Masons, RetailerSpecialist, Modern, Medieval, Fantasy
Swords, RetailerSpecialist, Medieval, Fantasy
Arms, RetailerSpecialist, Medieval, Fantasy
Armour, RetailerSpecialist, Medieval, Fantasy
Chemists, RetailerSpecialist, Modern, Medieval, Fantasy
Ironworks, RetailerSpecialist, Modern, Medieval, Fantasy
Fishmongers, RetailerSpecialist, Modern, Medieval, Fantasy
Spells, RetailerSpecialist, Fantasy
Magics, RetailerSpecialist, Fantasy
Millinery, RetailerSpecialist, Modern, Medieval, Fantasy
Mill, RetailerSpecialist, Modern, Medieval, Fantasy
Mills, RetailerSpecialist, Modern, Medieval, Fantasy